c,c_list_length,length_mismatches,non-monotonic,internal_zeros,last_exp_too_large,b_attempts,a_attempts,smaller_rejects,PF-slope
5,3,1,0,0,0,1,0,0,2
6,3,1,0,0,0,1,0,0,3
7,4,1,0,0,0,1,0,0,3
8,4,1,0,0,0,1,0,0,6
9,4,0,0,0,1,1,0,0,6
10,4,0,1,0,0,2,1,1,6
11,5,1,0,0,0,1,0,0,6
12,5,1,0,0,0,1,0,0,8
13,6,1,0,0,0,1,0,0,8
14,6,1,0,0,0,1,0,0,9
15,6,1,0,0,0,2,1,0,8
16,6,0,0,0,0,1,1,1,12
17,7,1,0,0,0,1,0,0,12
18,7,1,0,0,0,1,0,0,13
19,8,1,0,0,0,1,0,0,13
20,8,1,0,0,0,1,0,0,14
21,8,1,0,0,0,2,1,0,14
22,8,1,0,1,0,3,1,0,15
23,9,1,0,0,0,1,0,0,15
24,9,1,0,0,0,1,0,0,18
25,9,0,0,0,1,1,0,0,16
26,9,1,1,1,0,3,0,0,17
27,9,1,2,1,0,4,0,0,17
28,9,1,1,3,0,5,0,0,19
29,10,1,0,0,0,1,0,0,19
30,10,1,0,0,0,1,0,0,19
31,11,1,0,0,0,1,0,0,19
32,11,1,0,0,0,1,0,0,24
33,11,1,0,1,0,2,0,0,24
34,11,1,0,2,0,3,0,0,25
35,11,1,0,3,0,4,0,0,24
36,11,1,0,3,0,5,1,0,26
37,12,1,0,0,0,1,0,0,26
38,12,1,0,0,0,1,0,0,27
39,12,1,0,1,0,2,0,0,27
40,12,1,0,2,0,3,0,0,29
41,13,1,0,0,0,1,0,0,29
42,13,1,0,0,0,1,0,0,30
43,14,1,0,0,0,1,0,0,30
44,14,1,0,0,0,1,0,0,32
45,14,1,0,1,0,2,0,0,31
46,14,1,1,1,0,3,0,0,32
47,15,1,0,0,0,1,0,0,32
48,15,1,0,0,0,1,0,0,36
49,15,0,0,0,1,1,0,0,36
50,15,0,0,0,1,1,0,0,35
51,15,1,2,1,0,4,0,0,35
52,15,1,2,2,0,5,0,0,37
53,16,1,0,0,0,1,0,0,37
54,16,1,0,0,0,1,0,0,38
55,16,1,1,0,0,2,0,0,37
56,16,1,0,1,0,3,1,0,40
57,16,1,0,3,0,4,0,0,40
58,16,1,0,4,0,5,0,0,41
59,17,1,0,0,0,1,0,0,41
60,17,1,0,0,0,1,0,0,42
61,18,1,0,0,0,1,0,0,42
62,18,1,0,0,0,1,0,0,43
63,18,1,1,0,0,2,0,0,43
64,18,1,0,2,0,3,0,0,49
65,18,1,0,3,0,4,0,0,48
66,18,1,0,3,0,5,1,0,49
67,19,1,0,0,0,1,0,0,49
68,19,1,0,0,0,1,0,0,51
69,19,1,0,1,0,2,0,0,51
70,19,1,0,2,0,3,0,0,51
71,20,1,0,0,0,1,0,0,51
72,20,1,0,0,0,1,0,0,54
73,21,1,0,0,0,1,0,0,54
74,21,1,0,0,0,1,0,0,55
75,21,1,1,0,0,2,0,0,53
76,21,1,2,0,0,3,0,0,55
77,21,1,2,1,0,4,0,0,55
78,21,1,0,4,0,5,0,0,56
79,22,1,0,0,0,1,0,0,56
80,22,1,0,0,0,1,0,0,59
81,22,0,0,0,0,1,1,2,59
82,22,1,1,1,0,3,0,0,60
83,23,1,0,0,0,1,0,0,60
84,23,1,0,0,0,1,0,0,62
85,23,1,0,1,0,2,0,0,61
86,23,1,0,2,0,3,0,0,62
87,23,1,0,3,0,4,0,0,62
88,23,1,0,4,0,5,0,0,65
89,24,1,0,0,0,1,0,0,65
90,24,1,0,0,0,1,0,0,65
91,24,1,1,0,0,2,0,0,65
92,24,1,0,2,0,3,0,0,67
93,24,1,0,3,0,4,0,0,67
94,24,1,0,4,0,5,0,0,68
95,24,1,0,5,0,6,0,0,67
96,24,1,0,6,0,7,0,0,72
97,25,1,0,0,0,1,0,0,72
98,25,1,0,0,0,1,0,0,73
99,25,1,1,0,0,2,0,0,73
100,25,1,0,1,0,3,1,0,73
101,26,1,0,0,0,1,0,0,73
102,26,1,0,0,0,1,0,0,74
103,27,1,0,0,0,1,0,0,74
104,27,1,0,0,0,1,0,0,77
105,27,1,0,1,0,2,0,0,76
106,27,1,0,2,0,3,0,0,77
107,28,1,0,0,0,1,0,0,77
108,28,1,0,0,0,1,0,0,79
109,29,1,0,0,0,1,0,0,79
110,29,1,0,0,0,1,0,0,79
111,29,1,0,1,0,2,0,0,79
112,29,1,0,2,0,3,0,0,83
113,30,1,0,0,0,1,0,0,83
114,30,1,0,0,0,1,0,0,84
115,30,1,0,1,0,2,0,0,83
116,30,1,0,2,0,3,0,0,85
117,30,1,0,3,0,4,0,0,85
118,30,1,1,3,0,5,0,0,86
119,30,1,1,4,0,6,0,0,86
120,30,1,0,6,0,7,0,0,88
121,30,0,0,0,1,1,0,0,88
122,30,1,6,2,0,9,0,0,89
123,30,1,6,3,0,10,0,0,89
124,30,1,6,4,0,11,0,0,91
125,30,1,10,1,0,12,0,0,88
126,30,1,4,8,0,13,0,0,89
127,31,1,0,0,0,1,0,0,89
128,31,1,0,0,0,1,0,0,96
129,31,1,0,1,0,2,0,0,96
130,31,1,0,2,0,3,0,0,96
131,32,1,0,0,0,1,0,0,96
132,32,1,0,0,0,1,0,0,98
133,32,1,0,1,0,2,0,0,98
134,32,1,0,2,0,3,0,0,99
135,32,1,3,0,0,4,0,0,98
136,32,1,0,4,0,5,0,0,101
137,33,1,0,0,0,1,0,0,101
138,33,1,0,0,0,1,0,0,102
139,34,1,0,0,0,1,0,0,102
140,34,1,0,0,0,1,0,0,103
141,34,1,0,1,0,2,0,0,103
142,34,1,0,2,0,3,0,0,104
143,34,1,0,3,0,4,0,0,104
144,34,1,0,4,0,5,0,0,108
145,34,1,0,5,0,6,0,0,107
146,34,1,0,6,0,7,0,0,108
147,34,1,6,1,0,8,0,0,108
148,34,1,6,2,0,9,0,0,110
149,35,1,0,0,0,1,0,0,110
150,35,1,0,0,0,1,0,0,109
151,36,1,0,0,0,1,0,0,109
152,36,1,0,0,0,1,0,0,112
153,36,1,0,1,0,2,0,0,112
154,36,1,1,1,0,3,0,0,113
155,36,1,1,2,0,4,0,0,112
156,36,1,0,4,0,5,0,0,114
157,37,1,0,0,0,1,0,0,114
158,37,1,0,0,0,1,0,0,115
159,37,1,0,1,0,2,0,0,115
160,37,1,0,2,0,3,0,0,119
161,37,1,0,3,0,4,0,0,119
162,37,1,1,3,0,5,0,0,120
163,38,1,0,0,0,1,0,0,120
164,38,1,0,0,0,1,0,0,122
165,38,1,0,1,0,2,0,0,121
166,38,1,0,2,0,3,0,0,122
167,39,1,0,0,0,1,0,0,122
168,39,1,0,0,0,1,0,0,125
169,39,0,0,0,1,1,0,0,125
170,39,1,0,2,0,3,0,0,125
171,39,1,2,1,0,4,0,0,125
172,39,1,0,4,0,5,0,0,127
173,40,1,0,0,0,1,0,0,127
174,40,1,0,0,0,1,0,0,128
175,40,1,1,0,0,2,0,0,126
176,40,1,1,1,0,3,0,0,130
177,40,1,1,2,0,4,0,0,130
178,40,1,1,3,0,5,0,0,131
179,41,1,0,0,0,1,0,0,131
180,41,1,0,0,0,1,0,0,132
181,42,1,0,0,0,1,0,0,132
182,42,1,0,0,0,1,0,0,133
183,42,1,0,1,0,2,0,0,133
184,42,1,0,2,0,3,0,0,136
185,42,1,0,3,0,4,0,0,135
186,42,1,0,4,0,5,0,0,136
187,42,1,0,5,0,6,0,0,136
188,42,1,0,6,0,7,0,0,138
189,42,1,5,2,0,8,0,0,138
190,42,1,1,7,0,9,0,0,138
191,43,1,0,0,0,1,0,0,138
192,43,1,0,0,0,1,0,0,144
193,44,1,0,0,0,1,0,0,144
194,44,1,0,0,0,1,0,0,145
195,44,1,0,1,0,2,0,0,144
196,44,1,2,0,0,3,0,0,146
197,45,1,0,0,0,1,0,0,146
198,45,1,0,0,0,1,0,0,147
199,46,1,0,0,0,1,0,0,147
200,46,1,0,0,0,1,0,0,148
201,46,1,1,0,0,2,0,0,148
202,46,1,1,1,0,3,0,0,149
203,46,1,1,2,0,4,0,0,149
204,46,1,0,4,0,5,0,0,151
205,46,1,1,4,0,6,0,0,150
206,46,1,1,5,0,7,0,0,151
207,46,1,2,5,0,8,0,0,151
208,46,1,0,8,0,9,0,0,155
209,46,1,0,9,0,10,0,0,155
210,46,1,0,10,0,11,0,0,155
211,47,1,0,0,0,1,0,0,155
212,47,1,0,0,0,1,0,0,157
213,47,1,0,1,0,2,0,0,157
214,47,1,0,2,0,3,0,0,158
215,47,1,0,3,0,4,0,0,157
216,47,1,0,4,0,5,0,0,160
217,47,1,0,5,0,6,0,0,160
218,47,1,0,6,0,7,0,0,161
219,47,1,0,7,0,8,0,0,161
220,47,1,0,8,0,9,0,0,162
221,47,1,0,9,0,10,0,0,162
222,47,1,0,10,0,11,0,0,163
223,48,1,0,0,0,1,0,0,163
224,48,1,0,0,0,1,0,0,168
225,48,0,0,0,0,1,1,1,166
226,48,1,1,1,0,3,0,0,167
227,49,1,0,0,0,1,0,0,167
228,49,1,0,0,0,1,0,0,169
229,50,1,0,0,0,1,0,0,169
230,50,1,0,0,0,1,0,0,169
231,50,1,0,1,0,2,0,0,169
232,50,1,0,2,0,3,0,0,172
233,51,1,0,0,0,1,0,0,172
234,51,1,0,0,0,1,0,0,173
235,51,1,1,0,0,2,0,0,172
236,51,1,0,2,0,3,0,0,174
237,51,1,0,3,0,4,0,0,174
238,51,1,0,4,0,5,0,0,175
239,52,1,0,0,0,1,0,0,175
240,52,1,0,0,0,1,0,0,178
241,53,1,0,0,0,1,0,0,178
242,53,1,0,0,0,1,0,0,179
243,53,0,0,0,1,1,0,0,179
244,53,1,2,0,0,3,0,0,181
245,53,1,2,1,0,4,0,0,180
246,53,1,4,0,0,5,0,0,181
247,53,1,4,1,0,6,0,0,181
248,53,1,4,2,0,7,0,0,184
249,53,1,4,3,0,8,0,0,184
250,53,1,6,2,0,9,0,0,182
251,54,1,0,0,0,1,0,0,182
252,54,1,0,0,0,1,0,0,184
253,54,1,0,1,0,2,0,0,184
254,54,1,0,2,0,3,0,0,185
255,54,1,0,3,0,4,0,0,184
256,54,1,0,4,0,5,0,0,192
257,55,1,0,0,0,1,0,0,192
258,55,1,0,0,0,1,0,0,193
259,55,1,0,1,0,2,0,0,193
260,55,1,0,2,0,3,0,0,194
261,55,1,0,3,0,4,0,0,194
262,55,1,1,3,0,5,0,0,195
263,56,1,0,0,0,1,0,0,195
264,56,1,0,0,0,1,0,0,198
265,56,1,0,1,0,2,0,0,197
266,56,1,0,2,0,3,0,0,198
267,56,1,0,3,0,4,0,0,198
268,56,1,0,4,0,5,0,0,200
269,57,1,0,0,0,1,0,0,200
270,57,1,0,0,0,1,0,0,200
271,58,1,0,0,0,1,0,0,200
272,58,1,0,0,0,1,0,0,204
273,58,1,0,1,0,2,0,0,204
274,58,1,0,2,0,3,0,0,205
275,58,1,2,1,0,4,0,0,203
276,58,1,2,2,0,5,0,0,205
277,59,1,0,0,0,1,0,0,205
278,59,1,0,0,0,1,0,0,206
279,59,1,1,0,0,2,0,0,206
280,59,1,0,2,0,3,0,0,208
281,60,1,0,0,0,1,0,0,208
282,60,1,0,0,0,1,0,0,209
283,61,1,0,0,0,1,0,0,209
284,61,1,0,0,0,1,0,0,211
285,61,1,0,1,0,2,0,0,210
286,61,1,0,2,0,3,0,0,211
287,61,1,0,3,0,4,0,0,211
288,61,1,0,4,0,5,0,0,216
289,61,0,0,0,1,1,0,0,216
290,61,1,3,3,0,7,0,0,216
291,61,1,3,4,0,8,0,0,216
292,61,1,3,5,0,9,0,0,218
293,62,1,0,0,0,1,0,0,218
294,62,1,0,0,0,1,0,0,219
295,62,1,1,0,0,2,0,0,218
296,62,1,1,1,0,3,0,0,221
297,62,1,1,2,0,4,0,0,221
298,62,1,2,2,0,5,0,0,222
299,62,1,2,3,0,6,0,0,222
300,62,1,3,3,0,7,0,0,222
301,62,1,4,3,0,8,0,0,222
302,62,1,3,5,0,9,0,0,223
303,62,1,1,8,0,10,0,0,223
304,62,1,0,10,0,11,0,0,227
305,62,1,3,8,0,12,0,0,226
306,62,1,1,11,0,13,0,0,227
307,63,1,0,0,0,1,0,0,227
308,63,1,0,0,0,1,0,0,229
309,63,1,0,1,0,2,0,0,229
310,63,1,0,2,0,3,0,0,229
311,64,1,0,0,0,1,0,0,229
312,64,1,0,0,0,1,0,0,232
313,65,1,0,0,0,1,0,0,232
314,65,1,0,0,0,1,0,0,233
315,65,1,1,0,0,2,0,0,232
316,65,1,0,2,0,3,0,0,234
317,66,1,0,0,0,1,0,0,234
318,66,1,0,0,0,1,0,0,235
319,66,1,0,1,0,2,0,0,235
320,66,1,0,2,0,3,0,0,240
321,66,1,0,3,0,4,0,0,240
322,66,1,0,4,0,5,0,0,241
323,66,1,0,5,0,6,0,0,241
324,66,1,3,3,0,7,0,0,243
325,66,1,4,3,0,8,0,0,241
326,66,1,3,5,0,9,0,0,242
327,66,1,5,4,0,10,0,0,242
328,66,1,1,9,0,11,0,0,245
329,66,1,1,10,0,12,0,0,245
330,66,1,1,11,0,13,0,0,245
331,67,1,0,0,0,1,0,0,245
332,67,1,0,0,0,1,0,0,247
333,67,1,0,1,0,2,0,0,247
334,67,1,1,1,0,3,0,0,248
335,67,1,1,2,0,4,0,0,247
336,67,1,0,4,0,5,0,0,251
337,68,1,0,0,0,1,0,0,251
338,68,1,0,0,0,1,0,0,252
339,68,1,0,1,0,2,0,0,252
340,68,1,0,2,0,3,0,0,253
341,68,1,0,3,0,4,0,0,253
342,68,1,1,3,0,5,0,0,254
343,68,1,5,0,0,6,0,0,254
344,68,1,3,3,0,7,0,0,257
345,68,1,6,1,0,8,0,0,256
346,68,1,6,2,0,9,0,0,257
347,69,1,0,0,0,1,0,0,257
348,69,1,0,0,0,1,0,0,259
349,70,1,0,0,0,1,0,0,259
350,70,1,0,0,0,1,0,0,258
351,70,1,1,0,0,2,0,0,258
352,70,1,0,1,0,3,1,0,263
353,71,1,0,0,0,1,0,0,263
354,71,1,0,0,0,1,0,0,264
355,71,1,0,1,0,2,0,0,263
356,71,1,0,2,0,3,0,0,265
357,71,1,0,3,0,4,0,0,265
358,71,1,0,4,0,5,0,0,266
359,72,1,0,0,0,1,0,0,266
360,72,1,0,0,0,1,0,0,268
361,72,0,0,0,1,1,0,0,268
362,72,1,0,2,0,3,0,0,269
363,72,1,0,3,0,4,0,0,269
364,72,1,1,3,0,5,0,0,271
365,72,1,4,1,0,6,0,0,270
366,72,1,4,2,0,7,0,0,271
367,73,1,0,0,0,1,0,0,271
368,73,1,0,0,0,1,0,0,275
369,73,1,0,1,0,2,0,0,275
370,73,1,1,1,0,3,0,0,275
371,73,1,1,2,0,4,0,0,275
372,73,1,0,4,0,5,0,0,277
373,74,1,0,0,0,1,0,0,277
374,74,1,0,0,0,1,0,0,278
375,74,1,1,0,0,2,0,0,275
376,74,1,2,0,0,3,0,0,278
377,74,1,2,1,0,4,0,0,278
378,74,1,1,3,0,5,0,0,279
379,75,1,0,0,0,1,0,0,279
380,75,1,0,0,0,1,0,0,280
381,75,1,0,1,0,2,0,0,280
382,75,1,0,2,0,3,0,0,281
383,76,1,0,0,0,1,0,0,281
384,76,1,0,0,0,1,0,0,288
385,76,1,0,0,0,2,1,0,287
386,76,1,0,2,0,3,0,0,288
387,76,1,2,1,0,4,0,0,288
388,76,1,0,4,0,5,0,0,290
389,77,1,0,0,0,1,0,0,290
390,77,1,0,0,0,1,0,0,290
391,77,1,0,1,0,2,0,0,290
392,77,1,1,1,0,3,0,0,293
393,77,1,1,2,0,4,0,0,293
394,77,1,1,3,0,5,0,0,294
395,77,1,2,3,0,6,0,0,293
396,77,1,2,4,0,7,0,0,295
397,78,1,0,0,0,1,0,0,295
398,78,1,0,0,0,1,0,0,296
399,78,1,0,1,0,2,0,0,296
400,78,1,2,0,0,3,0,0,298
401,79,1,0,0,0,1,0,0,298
402,79,1,0,0,0,1,0,0,299
403,79,1,0,1,0,2,0,0,299
404,79,1,0,2,0,3,0,0,301
405,79,1,3,0,0,4,0,0,300
406,79,1,4,0,0,5,0,0,301
407,79,1,4,1,0,6,0,0,301
408,79,1,1,5,0,7,0,0,304
409,80,1,0,0,0,1,0,0,304
410,80,1,0,0,0,1,0,0,304
411,80,1,0,1,0,2,0,0,304
412,80,1,0,2,0,3,0,0,306
413,80,1,0,3,0,4,0,0,306
414,80,1,1,3,0,5,0,0,307
415,80,1,2,3,0,6,0,0,306
416,80,1,0,6,0,7,0,0,311
417,80,1,0,7,0,8,0,0,311
418,80,1,0,8,0,9,0,0,312
419,81,1,0,0,0,1,0,0,312
420,81,1,0,0,0,1,0,0,313
421,82,1,0,0,0,1,0,0,313
422,82,1,0,0,0,1,0,0,314
423,82,1,1,0,0,2,0,0,314
424,82,1,0,2,0,3,0,0,317
425,82,1,0,3,0,4,0,0,315
426,82,1,2,2,0,5,0,0,316
427,82,1,2,3,0,6,0,0,316
428,82,1,2,4,0,7,0,0,318
429,82,1,0,7,0,8,0,0,318
430,82,1,2,6,0,9,0,0,318
431,83,1,0,0,0,1,0,0,318
432,83,1,0,0,0,1,0,0,322
433,84,1,0,0,0,1,0,0,322
434,84,1,0,0,0,1,0,0,323
435,84,1,0,1,0,2,0,0,322
436,84,1,0,2,0,3,0,0,324
437,84,1,0,3,0,4,0,0,324
438,84,1,0,4,0,5,0,0,325
439,85,1,0,0,0,1,0,0,325
440,85,1,0,0,0,1,0,0,327
441,85,1,1,0,0,2,0,0,327
442,85,1,2,0,0,3,0,0,328
443,86,1,0,0,0,1,0,0,328
444,86,1,0,0,0,1,0,0,330
445,86,1,0,1,0,2,0,0,329
446,86,1,0,2,0,3,0,0,330
447,86,1,0,3,0,4,0,0,330
448,86,1,0,4,0,5,0,0,336
449,87,1,0,0,0,1,0,0,336
450,87,1,0,0,0,1,0,0,335
451,87,1,1,0,0,2,0,0,335
452,87,1,0,2,0,3,0,0,337
453,87,1,0,3,0,4,0,0,337
454,87,1,0,4,0,5,0,0,338
455,87,1,0,5,0,6,0,0,337
456,87,1,0,6,0,7,0,0,340
457,88,1,0,0,0,1,0,0,340
458,88,1,0,0,0,1,0,0,341
459,88,1,1,0,0,2,0,0,341
460,88,1,1,1,0,3,0,0,342
461,89,1,0,0,0,1,0,0,342
462,89,1,0,0,0,1,0,0,343
463,90,1,0,0,0,1,0,0,343
464,90,1,0,0,0,1,0,0,347
465,90,1,0,1,0,2,0,0,346
466,90,1,0,2,0,3,0,0,347
467,91,1,0,0,0,1,0,0,347
468,91,1,0,0,0,1,0,0,349
469,91,1,0,1,0,2,0,0,349
470,91,1,0,2,0,3,0,0,349
471,91,1,0,3,0,4,0,0,349
472,91,1,0,4,0,5,0,0,352
473,91,1,0,5,0,6,0,0,352
474,91,1,0,6,0,7,0,0,353
475,91,1,5,2,0,8,0,0,351
476,91,1,5,3,0,9,0,0,353
477,91,1,0,9,0,10,0,0,353
478,91,1,1,9,0,11,0,0,354
479,92,1,0,0,0,1,0,0,354
480,92,1,0,0,0,1,0,0,358
481,92,1,0,1,0,2,0,0,358
482,92,1,0,2,0,3,0,0,359
483,92,1,0,3,0,4,0,0,359
484,92,1,1,3,0,5,0,0,361
485,92,1,4,1,0,6,0,0,360
486,92,1,6,0,0,7,0,0,361
487,93,1,0,0,0,1,0,0,361
488,93,1,0,0,0,1,0,0,364
489,93,1,0,1,0,2,0,0,364
490,93,1,2,0,0,3,0,0,364
491,94,1,0,0,0,1,0,0,364
492,94,1,0,0,0,1,0,0,366
493,94,1,0,1,0,2,0,0,366
494,94,1,0,2,0,3,0,0,367
495,94,1,2,1,0,4,0,0,366
496,94,1,0,4,0,5,0,0,370
497,94,1,0,5,0,6,0,0,370
498,94,1,0,6,0,7,0,0,371
499,95,1,0,0,0,1,0,0,371
500,95,1,0,0,0,1,0,0,370
501,95,1,1,0,0,2,0,0,370
502,95,1,1,1,0,3,0,0,371
503,96,1,0,0,0,1,0,0,371
504,96,1,0,0,0,1,0,0,374
505,96,1,0,1,0,2,0,0,373
506,96,1,0,2,0,3,0,0,374
507,96,1,1,2,0,4,0,0,374
508,96,1,1,3,0,5,0,0,376
509,97,1,0,0,0,1,0,0,376
510,97,1,0,0,0,1,0,0,376
511,97,1,0,1,0,2,0,0,376
512,97,1,0,2,0,3,0,0,385
513,97,1,0,3,0,4,0,0,385
514,97,1,1,3,0,5,0,0,386
515,97,1,1,4,0,6,0,0,385
516,97,1,1,5,0,7,0,0,387
517,97,1,1,6,0,8,0,0,387
518,97,1,1,7,0,9,0,0,388
519,97,1,2,7,0,10,0,0,388
520,97,1,0,10,0,11,0,0,390
521,98,1,0,0,0,1,0,0,390
522,98,1,0,0,0,1,0,0,391
523,99,1,0,0,0,1,0,0,391
524,99,1,0,0,0,1,0,0,393
525,99,1,1,0,0,2,0,0,391
526,99,1,2,0,0,3,0,0,392
527,99,1,2,1,0,4,0,0,392
528,99,1,0,4,0,5,0,0,396
529,99,0,0,0,1,1,0,0,396
530,99,1,2,4,0,7,0,0,396
531,99,1,2,5,0,8,0,0,396
532,99,1,0,8,0,9,0,0,398
533,99,1,4,5,0,10,0,0,398
534,99,1,4,6,0,11,0,0,399
535,99,1,4,7,0,12,0,0,398
536,99,1,4,8,0,13,0,0,401
537,99,1,4,9,0,14,0,0,401
538,99,1,4,10,0,15,0,0,402
539,99,1,12,3,0,16,0,0,402
540,99,1,10,6,0,17,0,0,403
541,100,1,0,0,0,1,0,0,403
542,100,1,0,0,0,1,0,0,404
543,100,1,0,1,0,2,0,0,404
544,100,1,0,2,0,3,0,0,409
545,100,1,0,3,0,4,0,0,408
546,100,1,0,4,0,5,0,0,409
547,101,1,0,0,0,1,0,0,409
548,101,1,0,0,0,1,0,0,411
549,101,1,0,1,0,2,0,0,411
550,101,1,1,1,0,3,0,0,410
551,101,1,1,2,0,4,0,0,410
552,101,1,1,3,0,5,0,0,413
553,101,1,1,4,0,6,0,0,413
554,101,1,1,5,0,7,0,0,414
555,101,1,1,6,0,8,0,0,413
556,101,1,1,7,0,9,0,0,415
557,102,1,0,0,0,1,0,0,415
558,102,1,0,0,0,1,0,0,416
559,102,1,1,0,0,2,0,0,416
560,102,1,0,2,0,3,0,0,419
561,102,1,0,3,0,4,0,0,419
562,102,1,0,4,0,5,0,0,420
563,103,1,0,0,0,1,0,0,420
564,103,1,0,0,0,1,0,0,422
565,103,1,0,1,0,2,0,0,421
566,103,1,0,2,0,3,0,0,422
567,103,1,3,0,0,4,0,0,422
568,103,1,1,3,0,5,0,0,425
569,104,1,0,0,0,1,0,0,425
570,104,1,0,0,0,1,0,0,425
571,105,1,0,0,0,1,0,0,425
572,105,1,0,0,0,1,0,0,427
573,105,1,0,1,0,2,0,0,427
574,105,1,0,2,0,3,0,0,428
575,105,1,2,1,0,4,0,0,426
576,105,1,0,4,0,5,0,0,432
577,106,1,0,0,0,1,0,0,432
578,106,1,0,0,0,1,0,0,433
579,106,1,0,1,0,2,0,0,433
580,106,1,0,2,0,3,0,0,434
581,106,1,0,3,0,4,0,0,434
582,106,1,0,4,0,5,0,0,435
583,106,1,0,5,0,6,0,0,435
584,106,1,0,6,0,7,0,0,438
585,106,1,1,6,0,8,0,0,437
586,106,1,2,6,0,9,0,0,438
587,107,1,0,0,0,1,0,0,438
588,107,1,0,0,0,1,0,0,440
589,107,1,0,1,0,2,0,0,440
590,107,1,1,1,0,3,0,0,440
591,107,1,1,2,0,4,0,0,440
592,107,1,1,3,0,5,0,0,444
593,108,1,0,0,0,1,0,0,444
594,108,1,0,0,0,1,0,0,445
595,108,1,1,0,0,2,0,0,444
596,108,1,0,2,0,3,0,0,446
597,108,1,1,2,0,4,0,0,446
598,108,1,0,4,0,5,0,0,447
599,109,1,0,0,0,1,0,0,447
600,109,1,0,0,0,1,0,0,448
601,110,1,0,0,0,1,0,0,448
602,110,1,0,0,0,1,0,0,449
603,110,1,1,0,0,2,0,0,449
604,110,1,0,2,0,3,0,0,451
605,110,1,1,2,0,4,0,0,450
606,110,1,1,3,0,5,0,0,451
607,111,1,0,0,0,1,0,0,451
608,111,1,0,0,0,1,0,0,456
609,111,1,0,1,0,2,0,0,456
610,111,1,0,2,0,3,0,0,456
611,111,1,0,3,0,4,0,0,456
612,111,1,0,4,0,5,0,0,458
613,112,1,0,0,0,1,0,0,458
614,112,1,0,0,0,1,0,0,459
615,112,1,0,1,0,2,0,0,458
616,112,1,0,2,0,3,0,0,461
617,113,1,0,0,0,1,0,0,461
618,113,1,0,0,0,1,0,0,462
619,114,1,0,0,0,1,0,0,462
620,114,1,0,0,0,1,0,0,463
621,114,1,1,0,0,2,0,0,463
622,114,1,1,1,0,3,0,0,464
623,114,1,1,2,0,4,0,0,464
624,114,1,0,4,0,5,0,0,468
625,114,1,4,1,0,6,0,0,464
626,114,1,4,2,0,7,0,0,465
627,114,1,4,3,0,8,0,0,465
628,114,1,4,4,0,9,0,0,467
629,114,1,4,5,0,10,0,0,467
630,114,1,5,5,0,11,0,0,467
631,115,1,0,0,0,1,0,0,467
632,115,1,0,0,0,1,0,0,470
633,115,1,0,1,0,2,0,0,470
634,115,1,0,2,0,3,0,0,471
635,115,1,0,3,0,4,0,0,470
636,115,1,0,4,0,5,0,0,472
637,115,1,4,1,0,6,0,0,472
638,115,1,4,2,0,7,0,0,473
639,115,1,6,1,0,8,0,0,473
640,115,1,2,6,0,9,0,0,479
641,116,1,0,0,0,1,0,0,479
642,116,1,0,0,0,1,0,0,480
643,117,1,0,0,0,1,0,0,480
644,117,1,0,0,0,1,0,0,482
645,117,1,0,1,0,2,0,0,481
646,117,1,0,2,0,3,0,0,482
647,118,1,0,0,0,1,0,0,482
648,118,1,0,0,0,1,0,0,485
649,118,1,1,0,0,2,0,0,485
650,118,1,0,2,0,3,0,0,484
651,118,1,3,0,0,4,0,0,484
652,118,1,2,2,0,5,0,0,486
653,119,1,0,0,0,1,0,0,486
654,119,1,0,0,0,1,0,0,487
655,119,1,0,1,0,2,0,0,486
656,119,1,0,2,0,3,0,0,490
657,119,1,0,3,0,4,0,0,490
658,119,1,1,3,0,5,0,0,491
659,120,1,0,0,0,1,0,0,491
660,120,1,0,0,0,1,0,0,492
661,121,1,0,0,0,1,0,0,492
662,121,1,0,0,0,1,0,0,493
663,121,1,0,1,0,2,0,0,493
664,121,1,0,2,0,3,0,0,496
665,121,1,0,3,0,4,0,0,495
666,121,1,1,3,0,5,0,0,496
667,121,1,2,3,0,6,0,0,496
668,121,1,0,6,0,7,0,0,498
669,121,1,0,7,0,8,0,0,498
670,121,1,0,8,0,9,0,0,498
671,121,1,0,9,0,10,0,0,498
672,121,1,0,10,0,11,0,0,503
673,122,1,0,0,0,1,0,0,503
674,122,1,0,0,0,1,0,0,504
675,122,1,1,0,0,2,0,0,502
676,122,0,0,0,1,1,0,0,504
677,123,1,0,0,0,1,0,0,504
678,123,1,0,0,0,1,0,0,505
679,123,1,0,1,0,2,0,0,505
680,123,1,0,2,0,3,0,0,507
681,123,1,0,3,0,4,0,0,507
682,123,1,0,4,0,5,0,0,508
683,124,1,0,0,0,1,0,0,508
684,124,1,0,0,0,1,0,0,510
685,124,1,0,1,0,2,0,0,509
686,124,1,1,1,0,3,0,0,510
687,124,1,2,1,0,4,0,0,510
688,124,1,2,2,0,5,0,0,514
689,124,1,2,3,0,6,0,0,514
690,124,1,3,3,0,7,0,0,514
691,125,1,0,0,0,1,0,0,514
692,125,1,0,0,0,1,0,0,516
693,125,1,0,1,0,2,0,0,516
694,125,1,1,1,0,3,0,0,517
695,125,1,1,2,0,4,0,0,516
696,125,1,0,4,0,5,0,0,519
697,125,1,0,5,0,6,0,0,519
698,125,1,0,6,0,7,0,0,520
699,125,1,0,7,0,8,0,0,520
700,125,1,5,3,0,9,0,0,520
701,126,1,0,0,0,1,0,0,520
702,126,1,0,0,0,1,0,0,521
703,126,1,1,0,0,2,0,0,521
704,126,1,0,2,0,3,0,0,527
705,126,1,0,3,0,4,0,0,526
706,126,1,0,4,0,5,0,0,527
707,126,1,0,5,0,6,0,0,527
708,126,1,0,6,0,7,0,0,529
709,127,1,0,0,0,1,0,0,529
710,127,1,0,0,0,1,0,0,529
711,127,1,1,0,0,2,0,0,529
712,127,1,0,2,0,3,0,0,532
713,127,1,0,3,0,4,0,0,532
714,127,1,0,4,0,5,0,0,533
715,127,1,0,4,0,6,1,0,532
716,127,1,0,6,0,7,0,0,534
717,127,1,0,7,0,8,0,0,534
718,127,1,0,8,0,9,0,0,535
719,128,1,0,0,0,1,0,0,535
720,128,1,0,0,0,1,0,0,538
721,128,1,0,1,0,2,0,0,538
722,128,1,0,2,0,3,0,0,539
723,128,1,0,3,0,4,0,0,539
724,128,1,0,4,0,5,0,0,541
725,128,1,3,2,0,6,0,0,539
726,128,1,4,2,0,7,0,0,540
727,129,1,0,0,0,1,0,0,540
728,129,1,0,0,0,1,0,0,543
729,129,1,1,0,0,2,0,0,543
730,129,1,2,0,0,3,0,0,543
731,129,1,2,1,0,4,0,0,543
732,129,1,2,2,0,5,0,0,545
733,130,1,0,0,0,1,0,0,545
734,130,1,0,0,0,1,0,0,546
735,130,1,1,0,0,2,0,0,545
736,130,1,2,0,0,3,0,0,550
737,130,1,2,1,0,4,0,0,550
738,130,1,3,1,0,5,0,0,551
739,131,1,0,0,0,1,0,0,551
740,131,1,0,0,0,1,0,0,552
741,131,1,0,1,0,2,0,0,552
742,131,1,0,2,0,3,0,0,553
743,132,1,0,0,0,1,0,0,553
744,132,1,0,0,0,1,0,0,556
745,132,1,0,1,0,2,0,0,555
746,132,1,0,2,0,3,0,0,556
747,132,1,2,1,0,4,0,0,556
748,132,1,0,4,0,5,0,0,558
749,132,1,0,5,0,6,0,0,558
750,132,1,3,3,0,7,0,0,556
751,133,1,0,0,0,1,0,0,556
752,133,1,0,0,0,1,0,0,560
753,133,1,0,1,0,2,0,0,560
754,133,1,0,2,0,3,0,0,561
755,133,1,0,3,0,4,0,0,560
756,133,1,2,2,0,5,0,0,562
757,134,1,0,0,0,1,0,0,562
758,134,1,0,0,0,1,0,0,563
759,134,1,0,1,0,2,0,0,563
760,134,1,0,2,0,3,0,0,565
761,135,1,0,0,0,1,0,0,565
762,135,1,0,0,0,1,0,0,566
763,135,1,0,1,0,2,0,0,566
764,135,1,0,2,0,3,0,0,568
765,135,1,0,3,0,4,0,0,567
766,135,1,1,3,0,5,0,0,568
767,135,1,1,4,0,6,0,0,568
768,135,1,0,6,0,7,0,0,576
769,136,1,0,0,0,1,0,0,576
770,136,1,0,0,0,1,0,0,576
771,136,1,0,1,0,2,0,0,576
772,136,1,0,2,0,3,0,0,578
773,137,1,0,0,0,1,0,0,578
774,137,1,0,0,0,1,0,0,579
775,137,1,1,0,0,2,0,0,577
776,137,1,0,2,0,3,0,0,580
777,137,1,1,2,0,4,0,0,580
778,137,1,1,3,0,5,0,0,581
779,137,1,1,4,0,6,0,0,581
780,137,1,1,5,0,7,0,0,582
781,137,1,1,6,0,8,0,0,582
782,137,1,1,7,0,9,0,0,583
783,137,1,5,4,0,10,0,0,583
784,137,1,5,5,0,11,0,0,587
785,137,1,5,6,0,12,0,0,586
786,137,1,6,6,0,13,0,0,587
787,138,1,0,0,0,1,0,0,587
788,138,1,0,0,0,1,0,0,589
789,138,1,0,1,0,2,0,0,589
790,138,1,0,2,0,3,0,0,589
791,138,1,0,3,0,4,0,0,589
792,138,1,0,4,0,5,0,0,592
793,138,1,0,5,0,6,0,0,592
794,138,1,0,6,0,7,0,0,593
795,138,1,0,7,0,8,0,0,592
796,138,1,0,8,0,9,0,0,594
797,139,1,0,0,0,1,0,0,594
798,139,1,0,0,0,1,0,0,595
799,139,1,0,1,0,2,0,0,595
800,139,1,1,1,0,3,0,0,598
801,139,1,0,3,0,4,0,0,598
802,139,1,1,3,0,5,0,0,599
803,139,1,1,4,0,6,0,0,599
804,139,1,0,6,0,7,0,0,601
805,139,1,0,7,0,8,0,0,600
806,139,1,0,8,0,9,0,0,601
807,139,1,0,9,0,10,0,0,601
808,139,1,0,10,0,11,0,0,604
809,140,1,0,0,0,1,0,0,604
810,140,1,0,0,0,1,0,0,604
811,141,1,0,0,0,1,0,0,604
812,141,1,0,0,0,1,0,0,606
813,141,1,0,1,0,2,0,0,606
814,141,1,0,2,0,3,0,0,607
815,141,1,0,3,0,4,0,0,606
816,141,1,0,4,0,5,0,0,610
817,141,1,0,5,0,6,0,0,610
818,141,1,0,6,0,7,0,0,611
819,141,1,3,4,0,8,0,0,611
820,141,1,0,8,0,9,0,0,612
821,142,1,0,0,0,1,0,0,612
822,142,1,0,0,0,1,0,0,613
823,143,1,0,0,0,1,0,0,613
824,143,1,0,0,0,1,0,0,616
825,143,1,1,0,0,2,0,0,614
826,143,1,2,0,0,3,0,0,615
827,144,1,0,0,0,1,0,0,615
828,144,1,0,0,0,1,0,0,617
829,145,1,0,0,0,1,0,0,617
830,145,1,0,0,0,1,0,0,617
831,145,1,0,1,0,2,0,0,617
832,145,1,0,2,0,3,0,0,623
833,145,1,1,2,0,4,0,0,623
834,145,1,1,3,0,5,0,0,624
835,145,1,3,2,0,6,0,0,623
836,145,1,3,3,0,7,0,0,625
837,145,1,6,1,0,8,0,0,625
838,145,1,4,4,0,9,0,0,626
839,146,1,0,0,0,1,0,0,626
840,146,1,0,0,0,1,0,0,628
841,146,0,0,0,1,1,0,0,628
842,146,1,0,2,0,3,0,0,629
843,146,1,0,3,0,4,0,0,629
844,146,1,0,4,0,5,0,0,631
845,146,1,0,5,0,6,0,0,630
846,146,1,1,5,0,7,0,0,631
847,146,1,6,1,0,8,0,0,631
848,146,1,5,3,0,9,0,0,635
849,146,1,5,4,0,10,0,0,635
850,146,1,9,1,0,11,0,0,634
851,146,1,9,2,0,12,0,0,634
852,146,1,8,4,0,13,0,0,636
853,147,1,0,0,0,1,0,0,636
854,147,1,0,0,0,1,0,0,637
855,147,1,1,0,0,2,0,0,636
856,147,1,0,2,0,3,0,0,639
857,148,1,0,0,0,1,0,0,639
858,148,1,0,0,0,1,0,0,640
859,149,1,0,0,0,1,0,0,640
860,149,1,0,0,0,1,0,0,641
861,149,1,0,1,0,2,0,0,641
862,149,1,0,2,0,3,0,0,642
863,150,1,0,0,0,1,0,0,642
864,150,1,0,0,0,1,0,0,647
865,150,1,0,1,0,2,0,0,646
866,150,1,0,2,0,3,0,0,647
867,150,1,0,3,0,4,0,0,647
868,150,1,0,4,0,5,0,0,649
869,150,1,0,5,0,6,0,0,649
870,150,1,0,6,0,7,0,0,649
871,150,1,4,3,0,8,0,0,649
872,150,1,4,4,0,9,0,0,652
873,150,1,4,5,0,10,0,0,652
874,150,1,5,5,0,11,0,0,653
875,150,1,10,1,0,12,0,0,650
876,150,1,6,6,0,13,0,0,652
877,151,1,0,0,0,1,0,0,652
878,151,1,0,0,0,1,0,0,653
879,151,1,0,1,0,2,0,0,653
880,151,1,0,2,0,3,0,0,656
881,152,1,0,0,0,1,0,0,656
882,152,1,0,0,0,1,0,0,657
883,153,1,0,0,0,1,0,0,657
884,153,1,0,0,0,1,0,0,659
885,153,1,0,1,0,2,0,0,658
886,153,1,0,2,0,3,0,0,659
887,154,1,0,0,0,1,0,0,659
888,154,1,0,0,0,1,0,0,662
889,154,1,0,1,0,2,0,0,662
890,154,1,0,2,0,3,0,0,662
891,154,1,3,0,0,4,0,0,662
892,154,1,3,1,0,5,0,0,664
893,154,1,3,2,0,6,0,0,664
894,154,1,3,3,0,7,0,0,665
895,154,1,3,4,0,8,0,0,664
896,154,1,0,8,0,9,0,0,671
897,154,1,0,9,0,10,0,0,671
898,154,1,0,10,0,11,0,0,672
899,154,1,0,11,0,12,0,0,672
900,154,1,0,12,0,13,0,0,672
901,154,1,0,13,0,14,0,0,672
902,154,1,2,12,0,15,0,0,673
903,154,1,0,15,0,16,0,0,673
904,154,1,0,16,0,17,0,0,676
905,154,1,0,17,0,18,0,0,675
906,154,1,0,18,0,19,0,0,676
907,155,1,0,0,0,1,0,0,676
908,155,1,0,0,0,1,0,0,678
909,155,1,0,1,0,2,0,0,678
910,155,1,1,1,0,3,0,0,678
911,156,1,0,0,0,1,0,0,678
912,156,1,0,0,0,1,0,0,682
913,156,1,0,1,0,2,0,0,682
914,156,1,0,2,0,3,0,0,683
915,156,1,0,3,0,4,0,0,682
916,156,1,0,4,0,5,0,0,684
917,156,1,0,5,0,6,0,0,684
918,156,1,2,4,0,7,0,0,685
919,157,1,0,0,0,1,0,0,685
920,157,1,0,0,0,1,0,0,687
921,157,1,0,1,0,2,0,0,687
922,157,1,0,2,0,3,0,0,688
923,157,1,0,3,0,4,0,0,688
924,157,1,0,4,0,5,0,0,690
925,157,1,4,1,0,6,0,0,688
926,157,1,4,2,0,7,0,0,689
927,157,1,2,5,0,8,0,0,689
928,157,1,0,8,0,9,0,0,694
929,158,1,0,0,0,1,0,0,694
930,158,1,0,0,0,1,0,0,694
931,158,1,1,0,0,2,0,0,694
932,158,1,1,1,0,3,0,0,696
933,158,1,1,2,0,4,0,0,696
934,158,1,1,3,0,5,0,0,697
935,158,1,1,4,0,6,0,0,696
936,158,1,1,5,0,7,0,0,699
937,159,1,0,0,0,1,0,0,699
938,159,1,0,0,0,1,0,0,700
939,159,1,0,1,0,2,0,0,700
940,159,1,0,2,0,3,0,0,701
941,160,1,0,0,0,1,0,0,701
942,160,1,0,0,0,1,0,0,702
943,160,1,0,1,0,2,0,0,702
944,160,1,0,2,0,3,0,0,706
945,160,1,0,3,0,4,0,0,705
946,160,1,1,3,0,5,0,0,706
947,161,1,0,0,0,1,0,0,706
948,161,1,0,0,0,1,0,0,708
949,161,1,0,1,0,2,0,0,708
950,161,1,1,1,0,3,0,0,707
951,161,1,2,1,0,4,0,0,707
952,161,1,2,2,0,5,0,0,710
953,162,1,0,0,0,1,0,0,710
954,162,1,0,0,0,1,0,0,711
955,162,1,1,0,0,2,0,0,710
956,162,1,0,2,0,3,0,0,712
957,162,1,0,3,0,4,0,0,712
958,162,1,0,4,0,5,0,0,713
959,162,1,0,5,0,6,0,0,713
960,162,1,0,6,0,7,0,0,718
961,162,0,0,0,1,1,0,0,718
962,162,1,0,8,0,9,0,0,719
963,162,1,2,7,0,10,0,0,719
964,162,1,0,10,0,11,0,0,721
965,162,1,0,11,0,12,0,0,720
966,162,1,0,12,0,13,0,0,721
967,163,1,0,0,0,1,0,0,721
968,163,1,0,0,0,1,0,0,724
969,163,1,0,1,0,2,0,0,724
970,163,1,0,2,0,3,0,0,724
971,164,1,0,0,0,1,0,0,724
972,164,1,0,0,0,1,0,0,726
973,164,1,1,0,0,2,0,0,726
974,164,1,1,1,0,3,0,0,727
975,164,1,3,0,0,4,0,0,725
976,164,1,3,1,0,5,0,0,729
977,165,1,0,0,0,1,0,0,729
978,165,1,0,0,0,1,0,0,730
979,165,1,0,1,0,2,0,0,730
980,165,1,1,1,0,3,0,0,731
981,165,1,3,0,0,4,0,0,731
982,165,1,4,0,0,5,0,0,732
983,166,1,0,0,0,1,0,0,732
984,166,1,0,0,0,1,0,0,735
985,166,1,0,1,0,2,0,0,734
986,166,1,0,2,0,3,0,0,735
987,166,1,0,3,0,4,0,0,735
988,166,1,0,4,0,5,0,0,737
989,166,1,0,5,0,6,0,0,737
990,166,1,1,5,0,7,0,0,737
991,167,1,0,0,0,1,0,0,737
992,167,1,0,0,0,1,0,0,742
993,167,1,0,1,0,2,0,0,742
994,167,1,0,2,0,3,0,0,743
995,167,1,0,3,0,4,0,0,742
996,167,1,0,4,0,5,0,0,744
997,168,1,0,0,0,1,0,0,744
998,168,1,0,0,0,1,0,0,745
999,168,1,1,0,0,2,0,0,745
1000,168,1,0,2,0,3,0,0,745
1001,168,1,0,3,0,4,0,0,745
1002,168,1,1,3,0,5,0,0,746
1003,168,1,1,4,0,6,0,0,746
1004,168,1,1,5,0,7,0,0,748
1005,168,1,1,6,0,8,0,0,747
1006,168,1,1,7,0,9,0,0,748
1007,168,1,1,8,0,10,0,0,748
1008,168,1,1,9,0,11,0,0,752
1009,169,1,0,0,0,1,0,0,752
1010,169,1,0,0,0,1,0,0,752
1011,169,1,0,1,0,2,0,0,752
1012,169,1,0,2,0,3,0,0,754
1013,170,1,0,0,0,1,0,0,754
1014,170,1,0,0,0,1,0,0,755
1015,170,1,0,1,0,2,0,0,754
1016,170,1,0,2,0,3,0,0,757
1017,170,1,0,3,0,4,0,0,757
1018,170,1,1,3,0,5,0,0,758
1019,171,1,0,0,0,1,0,0,758
1020,171,1,0,0,0,1,0,0,759
1021,172,1,0,0,0,1,0,0,759
1022,172,1,0,0,0,1,0,0,760
1023,172,1,0,1,0,2,0,0,760
1024,172,1,0,2,0,3,0,0,770
1025,172,1,2,1,0,4,0,0,768
1026,172,1,1,3,0,5,0,0,769
1027,172,1,2,3,0,6,0,0,769
1028,172,1,0,6,0,7,0,0,771
1029,172,1,5,2,0,8,0,0,771
1030,172,1,5,3,0,9,0,0,771
1031,173,1,0,0,0,1,0,0,771
1032,173,1,0,0,0,1,0,0,774
1033,174,1,0,0,0,1,0,0,774
1034,174,1,0,0,0,1,0,0,775
1035,174,1,1,0,0,2,0,0,774
1036,174,1,0,2,0,3,0,0,776
1037,174,1,0,3,0,4,0,0,776
1038,174,1,0,4,0,5,0,0,777
1039,175,1,0,0,0,1,0,0,777
1040,175,1,0,0,0,1,0,0,780
1041,175,1,0,1,0,2,0,0,780
1042,175,1,0,2,0,3,0,0,781
1043,175,1,0,3,0,4,0,0,781
1044,175,1,0,4,0,5,0,0,783
1045,175,1,0,5,0,6,0,0,782
1046,175,1,0,6,0,7,0,0,783
1047,175,1,0,7,0,8,0,0,783
1048,175,1,0,8,0,9,0,0,786
1049,176,1,0,0,0,1,0,0,786
1050,176,1,0,0,0,1,0,0,785
1051,177,1,0,0,0,1,0,0,785
1052,177,1,0,0,0,1,0,0,787
1053,177,1,1,0,0,2,0,0,787
1054,177,1,2,0,0,3,0,0,788
1055,177,1,2,1,0,4,0,0,787
1056,177,1,0,4,0,5,0,0,792
1057,177,1,0,5,0,6,0,0,792
1058,177,1,0,6,0,7,0,0,793
1059,177,1,0,7,0,8,0,0,793
1060,177,1,0,8,0,9,0,0,794
1061,178,1,0,0,0,1,0,0,794
1062,178,1,0,0,0,1,0,0,795
1063,179,1,0,0,0,1,0,0,795
1064,179,1,0,0,0,1,0,0,798
1065,179,1,0,1,0,2,0,0,797
1066,179,1,0,2,0,3,0,0,798
1067,179,1,0,3,0,4,0,0,798
1068,179,1,0,4,0,5,0,0,800
1069,180,1,0,0,0,1,0,0,800
1070,180,1,0,0,0,1,0,0,800
1071,180,1,1,0,0,2,0,0,800
1072,180,1,0,2,0,3,0,0,804
1073,180,1,0,3,0,4,0,0,804
1074,180,1,0,4,0,5,0,0,805
1075,180,1,3,2,0,6,0,0,803
1076,180,1,3,3,0,7,0,0,805
1077,180,1,1,6,0,8,0,0,805
1078,180,1,2,6,0,9,0,0,806
1079,180,1,2,7,0,10,0,0,806
1080,180,1,3,7,0,11,0,0,808
1081,180,1,3,8,0,12,0,0,808
1082,180,1,3,9,0,13,0,0,809
1083,180,1,5,8,0,14,0,0,809
1084,180,1,5,9,0,15,0,0,811
1085,180,1,5,10,0,16,0,0,810
1086,180,1,5,11,0,17,0,0,811
1087,181,1,0,0,0,1,0,0,811
1088,181,1,0,0,0,1,0,0,817
1089,181,1,0,1,0,2,0,0,817
1090,181,1,1,1,0,3,0,0,817
1091,182,1,0,0,0,1,0,0,817
1092,182,1,0,0,0,1,0,0,819
1093,183,1,0,0,0,1,0,0,819
1094,183,1,0,0,0,1,0,0,820
1095,183,1,0,1,0,2,0,0,819
1096,183,1,0,2,0,3,0,0,822
1097,184,1,0,0,0,1,0,0,822
1098,184,1,0,0,0,1,0,0,823
1099,184,1,1,0,0,2,0,0,823
1100,184,1,0,2,0,3,0,0,823
1101,184,1,2,1,0,4,0,0,823
1102,184,1,2,2,0,5,0,0,824
1103,185,1,0,0,0,1,0,0,824
1104,185,1,0,0,0,1,0,0,828
1105,185,1,0,1,0,2,0,0,827
1106,185,1,0,2,0,3,0,0,828
1107,185,1,2,1,0,4,0,0,828
1108,185,1,1,3,0,5,0,0,830
1109,186,1,0,0,0,1,0,0,830
1110,186,1,0,0,0,1,0,0,830
1111,186,1,0,1,0,2,0,0,830
1112,186,1,0,2,0,3,0,0,833
1113,186,1,0,3,0,4,0,0,833
1114,186,1,0,4,0,5,0,0,834
1115,186,1,0,5,0,6,0,0,833
1116,186,1,0,6,0,7,0,0,835
1117,187,1,0,0,0,1,0,0,835
1118,187,1,0,0,0,1,0,0,836
1119,187,1,0,1,0,2,0,0,836
1120,187,1,0,2,0,3,0,0,840
1121,187,1,0,3,0,4,0,0,840
1122,187,1,0,4,0,5,0,0,841
1123,188,1,0,0,0,1,0,0,841
1124,188,1,0,0,0,1,0,0,843
1125,188,1,1,0,0,2,0,0,840
1126,188,1,2,0,0,3,0,0,841
1127,188,1,2,1,0,4,0,0,841
1128,188,1,0,4,0,5,0,0,844
1129,189,1,0,0,0,1,0,0,844
1130,189,1,0,0,0,1,0,0,844
1131,189,1,0,1,0,2,0,0,844
1132,189,1,0,2,0,3,0,0,846
1133,189,1,0,3,0,4,0,0,846
1134,189,1,4,0,0,5,0,0,847
1135,189,1,5,0,0,6,0,0,846
1136,189,1,0,6,0,7,0,0,850
1137,189,1,0,7,0,8,0,0,850
1138,189,1,0,8,0,9,0,0,851
1139,189,1,0,9,0,10,0,0,851
1140,189,1,0,10,0,11,0,0,852
1141,189,1,0,11,0,12,0,0,852
1142,189,1,0,12,0,13,0,0,853
1143,189,1,2,11,0,14,0,0,853
1144,189,1,0,14,0,15,0,0,856
1145,189,1,0,15,0,16,0,0,855
1146,189,1,0,16,0,17,0,0,856
1147,189,1,0,17,0,18,0,0,856
1148,189,1,1,17,0,19,0,0,858
1149,189,1,1,18,0,20,0,0,858
1150,189,1,5,15,0,21,0,0,857
1151,190,1,0,0,0,1,0,0,857
1152,190,1,0,0,0,1,0,0,864
1153,191,1,0,0,0,1,0,0,864
1154,191,1,0,0,0,1,0,0,865
1155,191,1,0,1,0,2,0,0,864
1156,191,0,0,0,1,1,0,0,866
1157,191,1,2,1,0,4,0,0,866
1158,191,1,2,2,0,5,0,0,867
1159,191,1,2,3,0,6,0,0,867
1160,191,1,2,4,0,7,0,0,869
1161,191,1,2,5,0,8,0,0,869
1162,191,1,3,5,0,9,0,0,870
1163,192,1,0,0,0,1,0,0,870
1164,192,1,0,0,0,1,0,0,872
1165,192,1,0,1,0,2,0,0,871
1166,192,1,0,2,0,3,0,0,872
1167,192,1,0,3,0,4,0,0,872
1168,192,1,0,4,0,5,0,0,876
1169,192,1,0,5,0,6,0,0,876
1170,192,1,1,5,0,7,0,0,876
1171,193,1,0,0,0,1,0,0,876
1172,193,1,0,0,0,1,0,0,878
1173,193,1,0,1,0,2,0,0,878
1174,193,1,0,2,0,3,0,0,879
1175,193,1,2,1,0,4,0,0,877
1176,193,1,2,2,0,5,0,0,880
1177,193,1,2,3,0,6,0,0,880
1178,193,1,2,4,0,7,0,0,881
1179,193,1,2,5,0,8,0,0,881
1180,193,1,1,7,0,9,0,0,882
1181,194,1,0,0,0,1,0,0,882
1182,194,1,0,0,0,1,0,0,883
1183,194,1,0,1,0,2,0,0,883
1184,194,1,0,2,0,3,0,0,888
1185,194,1,0,3,0,4,0,0,887
1186,194,1,0,4,0,5,0,0,888
1187,195,1,0,0,0,1,0,0,888
1188,195,1,0,0,0,1,0,0,890
1189,195,1,1,0,0,2,0,0,890
1190,195,1,0,2,0,3,0,0,890
1191,195,1,1,2,0,4,0,0,890
1192,195,1,0,4,0,5,0,0,893
1193,196,1,0,0,0,1,0,0,893
1194,196,1,0,0,0,1,0,0,894
1195,196,1,0,1,0,2,0,0,893
1196,196,1,0,2,0,3,0,0,895
1197,196,1,0,3,0,4,0,0,895
1198,196,1,1,3,0,5,0,0,896
1199,196,1,1,4,0,6,0,0,896
1200,196,1,2,4,0,7,0,0,898
1201,197,1,0,0,0,1,0,0,898
1202,197,1,0,0,0,1,0,0,899
1203,197,1,0,1,0,2,0,0,899
1204,197,1,0,2,0,3,0,0,901
1205,197,1,0,3,0,4,0,0,900
1206,197,1,1,3,0,5,0,0,901
1207,197,1,2,3,0,6,0,0,901
1208,197,1,0,6,0,7,0,0,904
1209,197,1,0,7,0,8,0,0,904
1210,197,1,3,5,0,9,0,0,904
1211,197,1,5,4,0,10,0,0,904
1212,197,1,6,4,0,11,0,0,906
1213,198,1,0,0,0,1,0,0,906
1214,198,1,0,0,0,1,0,0,907
1215,198,1,1,0,0,2,0,0,906
1216,198,1,0,2,0,3,0,0,912
1217,199,1,0,0,0,1,0,0,912
1218,199,1,0,0,0,1,0,0,913
1219,199,1,0,1,0,2,0,0,913
1220,199,1,0,2,0,3,0,0,914
1221,199,1,0,3,0,4,0,0,914
1222,199,1,0,4,0,5,0,0,915
1223,200,1,0,0,0,1,0,0,915
1224,200,1,0,0,0,1,0,0,918
1225,200,1,0,1,0,2,0,0,916
1226,200,1,0,2,0,3,0,0,917
1227,200,1,1,2,0,4,0,0,917
1228,200,1,1,3,0,5,0,0,919
1229,201,1,0,0,0,1,0,0,919
1230,201,1,0,0,0,1,0,0,919
1231,202,1,0,0,0,1,0,0,919
1232,202,1,0,0,0,1,0,0,923
1233,202,1,0,1,0,2,0,0,923
1234,202,1,1,1,0,3,0,0,924
1235,202,1,1,2,0,4,0,0,923
1236,202,1,0,4,0,5,0,0,925
1237,203,1,0,0,0,1,0,0,925
1238,203,1,0,0,0,1,0,0,926
1239,203,1,0,1,0,2,0,0,926
1240,203,1,0,2,0,3,0,0,928
1241,203,1,0,3,0,4,0,0,928
1242,203,1,1,3,0,5,0,0,929
1243,203,1,2,3,0,6,0,0,929
1244,203,1,0,6,0,7,0,0,931
1245,203,1,2,5,0,8,0,0,930
1246,203,1,0,8,0,9,0,0,931
1247,203,1,0,9,0,10,0,0,931
1248,203,1,0,10,0,11,0,0,936
1249,204,1,0,0,0,1,0,0,936
1250,204,1,0,0,0,1,0,0,933
1251,204,1,1,0,0,2,0,0,933
1252,204,1,1,1,0,3,0,0,935
1253,204,1,1,2,0,4,0,0,935
1254,204,1,1,3,0,5,0,0,936
1255,204,1,1,4,0,6,0,0,935
1256,204,1,1,5,0,7,0,0,938
1257,204,1,1,6,0,8,0,0,938
1258,204,1,1,7,0,9,0,0,939
1259,205,1,0,0,0,1,0,0,939
1260,205,1,0,0,0,1,0,0,940
1261,205,1,0,1,0,2,0,0,940
1262,205,1,0,2,0,3,0,0,941
1263,205,1,0,3,0,4,0,0,941
1264,205,1,0,4,0,5,0,0,945
1265,205,1,0,5,0,6,0,0,944
1266,205,1,0,6,0,7,0,0,945
1267,205,1,0,7,0,8,0,0,945
1268,205,1,0,8,0,9,0,0,947
1269,205,1,4,5,0,10,0,0,947
1270,205,1,1,9,0,11,0,0,947
1271,205,1,1,10,0,12,0,0,947
1272,205,1,0,12,0,13,0,0,950
1273,205,1,0,13,0,14,0,0,950
1274,205,1,11,3,0,15,0,0,951
1275,205,1,5,10,0,16,0,0,949
1276,205,1,4,12,0,17,0,0,951
1277,206,1,0,0,0,1,0,0,951
1278,206,1,0,0,0,1,0,0,952
1279,207,1,0,0,0,1,0,0,952
1280,207,1,0,0,0,1,0,0,959
1281,207,1,0,1,0,2,0,0,959
1282,207,1,0,2,0,3,0,0,960
1283,208,1,0,0,0,1,0,0,960
1284,208,1,0,0,0,1,0,0,962
1285,208,1,0,1,0,2,0,0,961
1286,208,1,0,2,0,3,0,0,962
1287,208,1,2,1,0,4,0,0,962
1288,208,1,0,4,0,5,0,0,965
1289,209,1,0,0,0,1,0,0,965
1290,209,1,0,0,0,1,0,0,965
1291,210,1,0,0,0,1,0,0,965
1292,210,1,0,0,0,1,0,0,967
1293,210,1,0,1,0,2,0,0,967
1294,210,1,0,2,0,3,0,0,968
1295,210,1,0,3,0,4,0,0,967
1296,210,1,0,4,0,5,0,0,971
1297,211,1,0,0,0,1,0,0,971
1298,211,1,0,0,0,1,0,0,972
1299,211,1,0,1,0,2,0,0,972
1300,211,1,2,0,0,3,0,0,972
1301,212,1,0,0,0,1,0,0,972
1302,212,1,0,0,0,1,0,0,973
1303,213,1,0,0,0,1,0,0,973
1304,213,1,0,0,0,1,0,0,976
1305,213,1,0,1,0,2,0,0,975
1306,213,1,1,1,0,3,0,0,976
1307,214,1,0,0,0,1,0,0,976
1308,214,1,0,0,0,1,0,0,978
1309,214,1,0,1,0,2,0,0,978
1310,214,1,0,2,0,3,0,0,978
1311,214,1,0,3,0,4,0,0,978
1312,214,1,0,4,0,5,0,0,983
1313,214,1,0,5,0,6,0,0,983
1314,214,1,1,5,0,7,0,0,984
1315,214,1,2,5,0,8,0,0,983
1316,214,1,0,8,0,9,0,0,985
1317,214,1,0,9,0,10,0,0,985
1318,214,1,0,10,0,11,0,0,986
1319,215,1,0,0,0,1,0,0,986
1320,215,1,0,0,0,1,0,0,988
1321,216,1,0,0,0,1,0,0,988
1322,216,1,0,0,0,1,0,0,989
1323,216,1,1,0,0,2,0,0,989
1324,216,1,1,1,0,3,0,0,991
1325,216,1,1,2,0,4,0,0,989
1326,216,1,3,1,0,5,0,0,990
1327,217,1,0,0,0,1,0,0,990
1328,217,1,0,0,0,1,0,0,994
1329,217,1,0,1,0,2,0,0,994
1330,217,1,0,2,0,3,0,0,994
1331,217,1,2,1,0,4,0,0,994
1332,217,1,3,1,0,5,0,0,996
1333,217,1,3,2,0,6,0,0,996
1334,217,1,3,3,0,7,0,0,997
1335,217,1,3,4,0,8,0,0,996
1336,217,1,3,5,0,9,0,0,999
1337,217,1,4,5,0,10,0,0,999
1338,217,1,4,6,0,11,0,0,1000
1339,217,1,4,7,0,12,0,0,1000
1340,217,1,4,8,0,13,0,0,1001
1341,217,1,4,9,0,14,0,0,1001
1342,217,1,5,9,0,15,0,0,1002
1343,217,1,5,10,0,16,0,0,1002
1344,217,1,6,10,0,17,0,0,1008
1345,217,1,4,13,0,18,0,0,1007
1346,217,1,4,14,0,19,0,0,1008
1347,217,1,4,15,0,20,0,0,1008
1348,217,1,4,16,0,21,0,0,1010
1349,217,1,4,17,0,22,0,0,1010
1350,217,1,6,16,0,23,0,0,1009
1351,217,1,7,16,0,24,0,0,1009
1352,217,1,15,9,0,25,0,0,1012
1353,217,1,20,5,0,26,0,0,1012
1354,217,1,20,6,0,27,0,0,1013
1355,217,1,21,6,0,28,0,0,1012
1356,217,1,21,7,0,29,0,0,1014
1357,217,1,21,8,0,30,0,0,1014
1358,217,1,22,8,0,31,0,0,1015
1359,217,1,24,7,0,32,0,0,1015
1360,217,1,19,13,0,33,0,0,1018
1361,218,1,0,0,0,1,0,0,1018
1362,218,1,0,0,0,1,0,0,1019
1363,218,1,0,1,0,2,0,0,1019
1364,218,1,0,2,0,3,0,0,1021
1365,218,1,0,3,0,4,0,0,1020
1366,218,1,0,4,0,5,0,0,1021
1367,219,1,0,0,0,1,0,0,1021
1368,219,1,0,0,0,1,0,0,1024
1369,219,0,0,0,1,1,0,0,1024
1370,219,1,0,2,0,3,0,0,1024
1371,219,1,0,3,0,4,0,0,1024
1372,219,1,3,1,0,5,0,0,1026
1373,220,1,0,0,0,1,0,0,1026
1374,220,1,0,0,0,1,0,0,1027
1375,220,1,1,0,0,2,0,0,1024
1376,220,1,1,1,0,3,0,0,1029
1377,220,1,0,3,0,4,0,0,1029
1378,220,1,1,3,0,5,0,0,1030
1379,220,1,1,4,0,6,0,0,1030
1380,220,1,1,5,0,7,0,0,1031
1381,221,1,0,0,0,1,0,0,1031
1382,221,1,0,0,0,1,0,0,1032
1383,221,1,0,1,0,2,0,0,1032
1384,221,1,0,2,0,3,0,0,1035
1385,221,1,0,3,0,4,0,0,1034
1386,221,1,1,3,0,5,0,0,1035
1387,221,1,2,3,0,6,0,0,1035
1388,221,1,0,6,0,7,0,0,1037
1389,221,1,0,7,0,8,0,0,1037
1390,221,1,0,8,0,9,0,0,1037
1391,221,1,0,9,0,10,0,0,1037
1392,221,1,0,10,0,11,0,0,1041
1393,221,1,1,10,0,12,0,0,1041
1394,221,1,1,11,0,13,0,0,1042
1395,221,1,2,11,0,14,0,0,1041
1396,221,1,0,14,0,15,0,0,1043
1397,221,1,0,15,0,16,0,0,1043
1398,221,1,0,16,0,17,0,0,1044
1399,222,1,0,0,0,1,0,0,1044
1400,222,1,0,0,0,1,0,0,1045
1401,222,1,1,0,0,2,0,0,1045
1402,222,1,1,1,0,3,0,0,1046
1403,222,1,1,2,0,4,0,0,1046
1404,222,1,2,2,0,5,0,0,1048
1405,222,1,3,2,0,6,0,0,1047
1406,222,1,0,6,0,7,0,0,1048
1407,222,1,3,4,0,8,0,0,1048
1408,222,1,0,8,0,9,0,0,1055
1409,223,1,0,0,0,1,0,0,1055
1410,223,1,0,0,0,1,0,0,1055
1411,223,1,0,1,0,2,0,0,1055
1412,223,1,0,2,0,3,0,0,1057
1413,223,1,0,3,0,4,0,0,1057
1414,223,1,1,3,0,5,0,0,1058
1415,223,1,1,4,0,6,0,0,1057
1416,223,1,0,6,0,7,0,0,1060
1417,223,1,0,7,0,8,0,0,1060
1418,223,1,0,8,0,9,0,0,1061
1419,223,1,0,9,0,10,0,0,1061
1420,223,1,0,10,0,11,0,0,1062
1421,223,1,8,3,0,12,0,0,1062
1422,223,1,10,2,0,13,0,0,1063
1423,224,1,0,0,0,1,0,0,1063
1424,224,1,0,0,0,1,0,0,1067
1425,224,1,1,0,0,2,0,0,1065
1426,224,1,2,0,0,3,0,0,1066
1427,225,1,0,0,0,1,0,0,1066
1428,225,1,0,0,0,1,0,0,1068
1429,226,1,0,0,0,1,0,0,1068
1430,226,1,0,0,0,1,0,0,1068
1431,226,1,1,0,0,2,0,0,1068
1432,226,1,0,2,0,3,0,0,1071
1433,227,1,0,0,0,1,0,0,1071
1434,227,1,0,0,0,1,0,0,1072
1435,227,1,0,1,0,2,0,0,1071
1436,227,1,0,2,0,3,0,0,1073
1437,227,1,0,3,0,4,0,0,1073
1438,227,1,0,4,0,5,0,0,1074
1439,228,1,0,0,0,1,0,0,1074
1440,228,1,0,0,0,1,0,0,1078
1441,228,1,0,1,0,2,0,0,1078
1442,228,1,0,2,0,3,0,0,1079
1443,228,1,0,3,0,4,0,0,1079
1444,228,1,0,4,0,5,0,0,1081
1445,228,0,0,0,1,1,0,0,1080
1446,228,1,2,4,0,7,0,0,1081
1447,229,1,0,0,0,1,0,0,1081
1448,229,1,0,0,0,1,0,0,1084
1449,229,1,0,1,0,2,0,0,1084
1450,229,1,1,1,0,3,0,0,1083
1451,230,1,0,0,0,1,0,0,1083
1452,230,1,0,0,0,1,0,0,1085
1453,231,1,0,0,0,1,0,0,1085
1454,231,1,0,0,0,1,0,0,1086
1455,231,1,0,1,0,2,0,0,1085
1456,231,1,0,2,0,3,0,0,1089
1457,231,1,0,3,0,4,0,0,1089
1458,231,1,4,0,0,5,0,0,1090
1459,232,1,0,0,0,1,0,0,1090
1460,232,1,0,0,0,1,0,0,1091
1461,232,1,0,1,0,2,0,0,1091
1462,232,1,0,2,0,3,0,0,1092
1463,232,1,0,3,0,4,0,0,1092
1464,232,1,0,4,0,5,0,0,1095
1465,232,1,0,5,0,6,0,0,1094
1466,232,1,0,6,0,7,0,0,1095
1467,232,1,2,5,0,8,0,0,1095
1468,232,1,0,8,0,9,0,0,1097
1469,232,1,0,9,0,10,0,0,1097
1470,232,1,7,3,0,11,0,0,1097
1471,233,1,0,0,0,1,0,0,1097
1472,233,1,0,0,0,1,0,0,1103
1473,233,1,0,1,0,2,0,0,1103
1474,233,1,0,2,0,3,0,0,1104
1475,233,1,2,1,0,4,0,0,1102
1476,233,1,0,4,0,5,0,0,1104
1477,233,1,0,5,0,6,0,0,1104
1478,233,1,0,6,0,7,0,0,1105
1479,233,1,0,7,0,8,0,0,1105
1480,233,1,0,8,0,9,0,0,1107
1481,234,1,0,0,0,1,0,0,1107
1482,234,1,0,0,0,1,0,0,1108
1483,235,1,0,0,0,1,0,0,1108
1484,235,1,0,0,0,1,0,0,1110
1485,235,1,1,0,0,2,0,0,1109
1486,235,1,1,1,0,3,0,0,1110
1487,236,1,0,0,0,1,0,0,1110
1488,236,1,0,0,0,1,0,0,1114
1489,237,1,0,0,0,1,0,0,1114
1490,237,1,0,0,0,1,0,0,1114
1491,237,1,0,1,0,2,0,0,1114
1492,237,1,0,2,0,3,0,0,1116
1493,238,1,0,0,0,1,0,0,1116
1494,238,1,0,0,0,1,0,0,1117
1495,238,1,1,0,0,2,0,0,1116
1496,238,1,0,2,0,3,0,0,1119
1497,238,1,0,3,0,4,0,0,1119
1498,238,1,0,4,0,5,0,0,1120
1499,239,1,0,0,0,1,0,0,1120
1500,239,1,0,0,0,1,0,0,1119
1501,239,1,1,0,0,2,0,0,1119
1502,239,1,1,1,0,3,0,0,1120
1503,239,1,2,1,0,4,0,0,1120
1504,239,1,0,4,0,5,0,0,1125
1505,239,1,1,4,0,6,0,0,1124
1506,239,1,0,6,0,7,0,0,1125
1507,239,1,0,7,0,8,0,0,1125
1508,239,1,0,8,0,9,0,0,1127
1509,239,1,0,9,0,10,0,0,1127
1510,239,1,0,10,0,11,0,0,1127
1511,240,1,0,0,0,1,0,0,1127
1512,240,1,0,0,0,1,0,0,1130
1513,240,1,0,1,0,2,0,0,1130
1514,240,1,0,2,0,3,0,0,1131
1515,240,1,0,3,0,4,0,0,1130
1516,240,1,0,4,0,5,0,0,1132
1517,240,1,0,5,0,6,0,0,1132
1518,240,1,0,6,0,7,0,0,1133
1519,240,1,4,3,0,8,0,0,1133
1520,240,1,4,4,0,9,0,0,1136
1521,240,1,8,1,0,10,0,0,1136
1522,240,1,9,1,0,11,0,0,1137
1523,241,1,0,0,0,1,0,0,1137
1524,241,1,0,0,0,1,0,0,1139
1525,241,1,1,0,0,2,0,0,1137
1526,241,1,1,1,0,3,0,0,1138
1527,241,1,1,2,0,4,0,0,1138
1528,241,1,1,3,0,5,0,0,1141
1529,241,1,1,4,0,6,0,0,1141
1530,241,1,1,5,0,7,0,0,1141
1531,242,1,0,0,0,1,0,0,1141
1532,242,1,0,0,0,1,0,0,1143
1533,242,1,0,1,0,2,0,0,1143
1534,242,1,0,2,0,3,0,0,1144
1535,242,1,0,3,0,4,0,0,1143
1536,242,1,0,4,0,5,0,0,1152
1537,242,1,0,5,0,6,0,0,1152
1538,242,1,0,6,0,7,0,0,1153
1539,242,1,2,5,0,8,0,0,1153
1540,242,1,3,5,0,9,0,0,1154
1541,242,1,3,6,0,10,0,0,1154
1542,242,1,3,7,0,11,0,0,1155
1543,243,1,0,0,0,1,0,0,1155
1544,243,1,0,0,0,1,0,0,1158
1545,243,1,0,1,0,2,0,0,1157
1546,243,1,0,2,0,3,0,0,1158
1547,243,1,0,3,0,4,0,0,1158
1548,243,1,0,4,0,5,0,0,1160
1549,244,1,0,0,0,1,0,0,1160
1550,244,1,0,0,0,1,0,0,1159
1551,244,1,1,0,0,2,0,0,1159
1552,244,1,1,1,0,3,0,0,1163
1553,245,1,0,0,0,1,0,0,1163
1554,245,1,0,0,0,1,0,0,1164
1555,245,1,0,1,0,2,0,0,1163
1556,245,1,0,2,0,3,0,0,1165
1557,245,1,0,3,0,4,0,0,1165
1558,245,1,1,3,0,5,0,0,1166
1559,246,1,0,0,0,1,0,0,1166
1560,246,1,0,0,0,1,0,0,1168
1561,246,1,0,1,0,2,0,0,1168
1562,246,1,0,2,0,3,0,0,1169
1563,246,1,0,3,0,4,0,0,1169
1564,246,1,0,4,0,5,0,0,1171
1565,246,1,0,5,0,6,0,0,1170
1566,246,1,2,4,0,7,0,0,1171
1567,247,1,0,0,0,1,0,0,1171
1568,247,1,0,0,0,1,0,0,1176
1569,247,1,0,1,0,2,0,0,1176
1570,247,1,1,1,0,3,0,0,1176
1571,248,1,0,0,0,1,0,0,1176
1572,248,1,0,0,0,1,0,0,1178
1573,248,1,0,1,0,2,0,0,1178
1574,248,1,0,2,0,3,0,0,1179
1575,248,1,3,0,0,4,0,0,1177
1576,248,1,2,2,0,5,0,0,1180
1577,248,1,2,3,0,6,0,0,1180
1578,248,1,2,4,0,7,0,0,1181
1579,249,1,0,0,0,1,0,0,1181
1580,249,1,0,0,0,1,0,0,1182
1581,249,1,0,1,0,2,0,0,1182
1582,249,1,0,2,0,3,0,0,1183
1583,250,1,0,0,0,1,0,0,1183
1584,250,1,0,0,0,1,0,0,1187
1585,250,1,0,1,0,2,0,0,1186
1586,250,1,0,2,0,3,0,0,1187
1587,250,1,0,3,0,4,0,0,1187
1588,250,1,0,4,0,5,0,0,1189
1589,250,1,0,5,0,6,0,0,1189
1590,250,1,0,6,0,7,0,0,1189
1591,250,1,0,7,0,8,0,0,1189
1592,250,1,0,8,0,9,0,0,1192
1593,250,1,0,9,0,10,0,0,1192
1594,250,1,1,9,0,11,0,0,1193
1595,250,1,2,9,0,12,0,0,1192
1596,250,1,1,11,0,13,0,0,1194
1597,251,1,0,0,0,1,0,0,1194
1598,251,1,0,0,0,1,0,0,1195
1599,251,1,0,1,0,2,0,0,1195
1600,251,1,2,0,0,3,0,0,1199
1601,252,1,0,0,0,1,0,0,1199
1602,252,1,0,0,0,1,0,0,1200
1603,252,1,1,0,0,2,0,0,1200
1604,252,1,0,2,0,3,0,0,1202
1605,252,1,0,3,0,4,0,0,1201
1606,252,1,0,4,0,5,0,0,1202
1607,253,1,0,0,0,1,0,0,1202
1608,253,1,0,0,0,1,0,0,1205
1609,254,1,0,0,0,1,0,0,1205
1610,254,1,0,0,0,1,0,0,1205
1611,254,1,1,0,0,2,0,0,1205
1612,254,1,0,2,0,3,0,0,1207
1613,255,1,0,0,0,1,0,0,1207
1614,255,1,0,0,0,1,0,0,1208
1615,255,1,0,1,0,2,0,0,1207
1616,255,1,0,2,0,3,0,0,1211
1617,255,1,2,1,0,4,0,0,1211
1618,255,1,2,2,0,5,0,0,1212
1619,256,1,0,0,0,1,0,0,1212
1620,256,1,0,0,0,1,0,0,1213
1621,257,1,0,0,0,1,0,0,1213
1622,257,1,0,0,0,1,0,0,1214
1623,257,1,0,1,0,2,0,0,1214
1624,257,1,0,2,0,3,0,0,1217
1625,257,1,2,1,0,4,0,0,1214
1626,257,1,4,0,0,5,0,0,1215
1627,258,1,0,0,0,1,0,0,1215
1628,258,1,0,0,0,1,0,0,1217
1629,258,1,0,1,0,2,0,0,1217
1630,258,1,1,1,0,3,0,0,1217
1631,258,1,1,2,0,4,0,0,1217
1632,258,1,0,4,0,5,0,0,1222
1633,258,1,0,5,0,6,0,0,1222
1634,258,1,0,6,0,7,0,0,1223
1635,258,1,0,7,0,8,0,0,1222
1636,258,1,0,8,0,9,0,0,1224
1637,259,1,0,0,0,1,0,0,1224
1638,259,1,0,0,0,1,0,0,1225
1639,259,1,1,0,0,2,0,0,1225
1640,259,1,0,2,0,3,0,0,1227
1641,259,1,0,3,0,4,0,0,1227
1642,259,1,0,4,0,5,0,0,1228
1643,259,1,0,5,0,6,0,0,1228
1644,259,1,0,6,0,7,0,0,1230
1645,259,1,0,7,0,8,0,0,1229
1646,259,1,0,8,0,9,0,0,1230
1647,259,1,5,4,0,10,0,0,1230
1648,259,1,0,10,0,11,0,0,1234
1649,259,1,0,11,0,12,0,0,1234
1650,259,1,3,9,0,13,0,0,1233
1651,259,1,4,9,0,14,0,0,1233
1652,259,1,3,11,0,15,0,0,1235
1653,259,1,0,15,0,16,0,0,1235
1654,259,1,0,16,0,17,0,0,1236
1655,259,1,3,14,0,18,0,0,1235
1656,259,1,0,18,0,19,0,0,1238
1657,260,1,0,0,0,1,0,0,1238
1658,260,1,0,0,0,1,0,0,1239
1659,260,1,0,1,0,2,0,0,1239
1660,260,1,0,2,0,3,0,0,1240
1661,260,1,0,3,0,4,0,0,1240
1662,260,1,0,4,0,5,0,0,1241
1663,261,1,0,0,0,1,0,0,1241
1664,261,1,0,0,0,1,0,0,1248
1665,261,1,0,1,0,2,0,0,1247
1666,261,1,2,0,0,3,0,0,1248
1667,262,1,0,0,0,1,0,0,1248
1668,262,1,0,0,0,1,0,0,1250
1669,263,1,0,0,0,1,0,0,1250
1670,263,1,0,0,0,1,0,0,1250
1671,263,1,0,1,0,2,0,0,1250
1672,263,1,0,2,0,3,0,0,1253
1673,263,1,0,3,0,4,0,0,1253
1674,263,1,1,3,0,5,0,0,1254
1675,263,1,2,3,0,6,0,0,1252
1676,263,1,0,6,0,7,0,0,1254
1677,263,1,3,4,0,8,0,0,1254
1678,263,1,1,7,0,9,0,0,1255
1679,263,1,1,8,0,10,0,0,1255
1680,263,1,1,9,0,11,0,0,1258
1681,263,0,0,0,1,1,0,0,1258
1682,263,0,0,0,1,1,0,0,1259
1683,263,0,0,0,1,1,0,0,1259
1684,263,1,3,11,0,15,0,0,1261
1685,263,1,3,12,0,16,0,0,1260
1686,263,1,3,13,0,17,0,0,1261
1687,263,1,3,14,0,18,0,0,1261
1688,263,1,3,15,0,19,0,0,1264
1689,263,1,3,16,0,20,0,0,1264
1690,263,1,14,6,0,21,0,0,1264
1691,263,1,14,7,0,22,0,0,1264
1692,263,1,14,8,0,23,0,0,1266
1693,264,1,0,0,0,1,0,0,1266
1694,264,1,0,0,0,1,0,0,1267
1695,264,1,1,0,0,2,0,0,1266
1696,264,1,1,1,0,3,0,0,1271
1697,265,1,0,0,0,1,0,0,1271
1698,265,1,0,0,0,1,0,0,1272
1699,266,1,0,0,0,1,0,0,1272
1700,266,1,0,0,0,1,0,0,1272
1701,266,1,1,0,0,2,0,0,1272
1702,266,1,2,0,0,3,0,0,1273
1703,266,1,2,1,0,4,0,0,1273
1704,266,1,1,3,0,5,0,0,1276
1705,266,1,1,4,0,6,0,0,1275
1706,266,1,1,5,0,7,0,0,1276
1707,266,1,1,6,0,8,0,0,1276
1708,266,1,1,7,0,9,0,0,1278
1709,267,1,0,0,0,1,0,0,1278
1710,267,1,0,0,0,1,0,0,1278
1711,267,1,1,0,0,2,0,0,1278
1712,267,1,0,2,0,3,0,0,1282
1713,267,1,0,3,0,4,0,0,1282
1714,267,1,0,4,0,5,0,0,1283
1715,267,1,4,1,0,6,0,0,1282
1716,267,1,6,0,0,7,0,0,1284
1717,267,1,6,1,0,8,0,0,1284
1718,267,1,6,2,0,9,0,0,1285
1719,267,1,8,1,0,10,0,0,1285
1720,267,1,5,5,0,11,0,0,1287
1721,268,1,0,0,0,1,0,0,1287
1722,268,1,0,0,0,1,0,0,1288
1723,269,1,0,0,0,1,0,0,1288
1724,269,1,0,0,0,1,0,0,1290
1725,269,1,1,0,0,2,0,0,1288
1726,269,1,2,0,0,3,0,0,1289
1727,269,1,2,1,0,4,0,0,1289
1728,269,1,0,4,0,5,0,0,1295
1729,269,1,0,5,0,6,0,0,1295
1730,269,1,0,6,0,7,0,0,1295
1731,269,1,0,7,0,8,0,0,1295
1732,269,1,0,8,0,9,0,0,1297
1733,270,1,0,0,0,1,0,0,1297
1734,270,1,0,0,0,1,0,0,1298
1735,270,1,0,1,0,2,0,0,1297
1736,270,1,0,2,0,3,0,0,1300
1737,270,1,0,3,0,4,0,0,1300
1738,270,1,1,3,0,5,0,0,1301
1739,270,1,1,4,0,6,0,0,1301
1740,270,1,0,6,0,7,0,0,1302
1741,271,1,0,0,0,1,0,0,1302
1742,271,1,0,0,0,1,0,0,1303
1743,271,1,0,1,0,2,0,0,1303
1744,271,1,0,2,0,3,0,0,1307
1745,271,1,0,3,0,4,0,0,1306
1746,271,1,1,3,0,5,0,0,1307
1747,272,1,0,0,0,1,0,0,1307
1748,272,1,0,0,0,1,0,0,1309
1749,272,1,0,1,0,2,0,0,1309
1750,272,1,2,0,0,3,0,0,1307
1751,272,1,2,1,0,4,0,0,1307
1752,272,1,3,1,0,5,0,0,1310
1753,273,1,0,0,0,1,0,0,1310
1754,273,1,0,0,0,1,0,0,1311
1755,273,1,1,0,0,2,0,0,1310
1756,273,1,1,1,0,3,0,0,1312
1757,273,1,1,2,0,4,0,0,1312
1758,273,1,1,3,0,5,0,0,1313
1759,274,1,0,0,0,1,0,0,1313
1760,274,1,0,0,0,1,0,0,1317
1761,274,1,0,1,0,2,0,0,1317
1762,274,1,0,2,0,3,0,0,1318
1763,274,1,0,3,0,4,0,0,1318
1764,274,1,1,3,0,5,0,0,1320
1765,274,1,4,1,0,6,0,0,1319
1766,274,1,4,2,0,7,0,0,1320
1767,274,1,4,3,0,8,0,0,1320
1768,274,1,4,4,0,9,0,0,1323
1769,274,1,4,5,0,10,0,0,1323
1770,274,1,0,10,0,11,0,0,1323
1771,274,1,4,7,0,12,0,0,1323
1772,274,1,4,8,0,13,0,0,1325
1773,274,1,4,9,0,14,0,0,1325
1774,274,1,5,9,0,15,0,0,1326
1775,274,1,1,14,0,16,0,0,1324
1776,274,1,2,14,0,17,0,0,1328
1777,275,1,0,0,0,1,0,0,1328
1778,275,1,0,0,0,1,0,0,1329
1779,275,1,0,1,0,2,0,0,1329
1780,275,1,0,2,0,3,0,0,1330
1781,275,1,0,3,0,4,0,0,1330
1782,275,1,4,0,0,5,0,0,1331
1783,276,1,0,0,0,1,0,0,1331
1784,276,1,0,0,0,1,0,0,1334
1785,276,1,0,1,0,2,0,0,1333
1786,276,1,0,2,0,3,0,0,1334
1787,277,1,0,0,0,1,0,0,1334
1788,277,1,0,0,0,1,0,0,1336
1789,278,1,0,0,0,1,0,0,1336
1790,278,1,0,0,0,1,0,0,1336
1791,278,1,1,0,0,2,0,0,1336
1792,278,1,0,2,0,3,0,0,1344
1793,278,1,0,3,0,4,0,0,1344
1794,278,1,0,4,0,5,0,0,1345
1795,278,1,0,5,0,6,0,0,1344
1796,278,1,0,6,0,7,0,0,1346
1797,278,1,0,7,0,8,0,0,1346
1798,278,1,0,8,0,9,0,0,1347
1799,278,1,2,7,0,10,0,0,1347
1800,278,1,0,10,0,11,0,0,1348
1801,279,1,0,0,0,1,0,0,1348
1802,279,1,0,0,0,1,0,0,1349
1803,279,1,0,1,0,2,0,0,1349
1804,279,1,0,2,0,3,0,0,1351
1805,279,1,0,3,0,4,0,0,1350
1806,279,1,0,4,0,5,0,0,1351
1807,279,1,1,4,0,6,0,0,1351
1808,279,1,1,5,0,7,0,0,1355
1809,279,1,1,6,0,8,0,0,1355
1810,279,1,2,6,0,9,0,0,1355
1811,280,1,0,0,0,1,0,0,1355
1812,280,1,0,0,0,1,0,0,1357
1813,280,1,0,1,0,2,0,0,1357
1814,280,1,0,2,0,3,0,0,1358
1815,280,1,2,1,0,4,0,0,1357
1816,280,1,2,2,0,5,0,0,1360
1817,280,1,2,3,0,6,0,0,1360
1818,280,1,3,3,0,7,0,0,1361
1819,280,1,4,3,0,8,0,0,1361
1820,280,1,4,4,0,9,0,0,1362
1821,280,1,4,5,0,10,0,0,1362
1822,280,1,4,6,0,11,0,0,1363
1823,281,1,0,0,0,1,0,0,1363
1824,281,1,0,0,0,1,0,0,1368
1825,281,1,1,0,0,2,0,0,1366
1826,281,1,1,1,0,3,0,0,1367
1827,281,1,2,1,0,4,0,0,1367
1828,281,1,0,4,0,5,0,0,1369
1829,281,1,0,5,0,6,0,0,1369
1830,281,1,0,6,0,7,0,0,1369
1831,282,1,0,0,0,1,0,0,1369
1832,282,1,0,0,0,1,0,0,1372
1833,282,1,0,1,0,2,0,0,1372
1834,282,1,0,2,0,3,0,0,1373
1835,282,1,0,3,0,4,0,0,1372
1836,282,1,2,2,0,5,0,0,1374
1837,282,1,3,2,0,6,0,0,1374
1838,282,1,0,6,0,7,0,0,1375
1839,282,1,3,4,0,8,0,0,1375
1840,282,1,0,8,0,9,0,0,1378
1841,282,1,0,9,0,10,0,0,1378
1842,282,1,0,10,0,11,0,0,1379
1843,282,1,0,11,0,12,0,0,1379
1844,282,1,0,12,0,13,0,0,1381
1845,282,1,0,13,0,14,0,0,1380
1846,282,1,3,11,0,15,0,0,1381
1847,283,1,0,0,0,1,0,0,1381
1848,283,1,0,0,0,1,0,0,1384
1849,283,0,0,0,1,1,0,0,1384
1850,283,0,0,0,1,1,0,0,1383
1851,283,1,2,1,0,4,0,0,1383
1852,283,1,2,2,0,5,0,0,1385
1853,283,1,2,3,0,6,0,0,1385
1854,283,1,1,5,0,7,0,0,1386
1855,283,1,2,5,0,8,0,0,1385
1856,283,1,0,8,0,9,0,0,1391
1857,283,1,0,9,0,10,0,0,1391
1858,283,1,0,10,0,11,0,0,1392
1859,283,1,7,4,0,12,0,0,1392
1860,283,1,7,5,0,13,0,0,1393
1861,284,1,0,0,0,1,0,0,1393
1862,284,1,0,0,0,1,0,0,1394
1863,284,1,1,0,0,2,0,0,1394
1864,284,1,1,1,0,3,0,0,1397
1865,284,1,2,1,0,4,0,0,1396
1866,284,1,2,2,0,5,0,0,1397
1867,285,1,0,0,0,1,0,0,1397
1868,285,1,0,0,0,1,0,0,1399
1869,285,1,0,1,0,2,0,0,1399
1870,285,1,0,2,0,3,0,0,1399
1871,286,1,0,0,0,1,0,0,1399
1872,286,1,0,0,0,1,0,0,1403
1873,287,1,0,0,0,1,0,0,1403
1874,287,1,0,0,0,1,0,0,1404
1875,287,1,1,0,0,2,0,0,1400
1876,287,1,2,0,0,3,0,0,1402
1877,288,1,0,0,0,1,0,0,1402
1878,288,1,0,0,0,1,0,0,1403
1879,289,1,0,0,0,1,0,0,1403
1880,289,1,0,0,0,1,0,0,1405
1881,289,1,0,1,0,2,0,0,1405
1882,289,1,1,1,0,3,0,0,1406
1883,289,1,1,2,0,4,0,0,1406
1884,289,1,0,4,0,5,0,0,1408
1885,289,1,0,5,0,6,0,0,1407
1886,289,1,0,6,0,7,0,0,1408
1887,289,1,0,7,0,8,0,0,1408
1888,289,1,0,8,0,9,0,0,1413
1889,290,1,0,0,0,1,0,0,1413
1890,290,1,0,0,0,1,0,0,1413
1891,290,1,1,0,0,2,0,0,1413
1892,290,1,0,2,0,3,0,0,1415
1893,290,1,1,2,0,4,0,0,1415
1894,290,1,0,4,0,5,0,0,1416
1895,290,1,0,5,0,6,0,0,1415
1896,290,1,0,6,0,7,0,0,1418
1897,290,1,0,7,0,8,0,0,1418
1898,290,1,0,8,0,9,0,0,1419
1899,290,1,2,7,0,10,0,0,1419
1900,290,1,0,10,0,11,0,0,1419
1901,291,1,0,0,0,1,0,0,1419
1902,291,1,0,0,0,1,0,0,1420
1903,291,1,0,1,0,2,0,0,1420
1904,291,1,0,2,0,3,0,0,1424
1905,291,1,0,3,0,4,0,0,1423
1906,291,1,0,4,0,5,0,0,1424
1907,292,1,0,0,0,1,0,0,1424
1908,292,1,0,0,0,1,0,0,1426
1909,292,1,0,1,0,2,0,0,1426
1910,292,1,0,2,0,3,0,0,1426
1911,292,1,3,0,0,4,0,0,1426
1912,292,1,3,1,0,5,0,0,1429
1913,293,1,0,0,0,1,0,0,1429
1914,293,1,0,0,0,1,0,0,1430
1915,293,1,0,1,0,2,0,0,1429
1916,293,1,0,2,0,3,0,0,1431
1917,293,1,3,0,0,4,0,0,1431
1918,293,1,1,3,0,5,0,0,1432
1919,293,1,1,4,0,6,0,0,1432
1920,293,1,0,6,0,7,0,0,1438
1921,293,1,0,7,0,8,0,0,1438
1922,293,1,0,8,0,9,0,0,1439
1923,293,1,0,9,0,10,0,0,1439
1924,293,1,0,10,0,11,0,0,1441
1925,293,1,6,5,0,12,0,0,1439
1926,293,1,1,11,0,13,0,0,1440
1927,293,1,2,11,0,14,0,0,1440
1928,293,1,0,14,0,15,0,0,1443
1929,293,1,0,15,0,16,0,0,1443
1930,293,1,0,16,0,17,0,0,1443
1931,294,1,0,0,0,1,0,0,1443
1932,294,1,0,0,0,1,0,0,1445
1933,295,1,0,0,0,1,0,0,1445
1934,295,1,0,0,0,1,0,0,1446
1935,295,1,1,0,0,2,0,0,1445
1936,295,1,0,2,0,3,0,0,1449
1937,295,1,0,3,0,4,0,0,1449
1938,295,1,0,4,0,5,0,0,1450
1939,295,1,2,3,0,6,0,0,1450
1940,295,1,3,3,0,7,0,0,1451
1941,295,1,3,4,0,8,0,0,1451
1942,295,1,3,5,0,9,0,0,1452
1943,295,1,3,6,0,10,0,0,1452
1944,295,1,6,4,0,11,0,0,1455
1945,295,1,7,4,0,12,0,0,1454
1946,295,1,3,9,0,13,0,0,1455
1947,295,1,7,6,0,14,0,0,1455
1948,295,1,3,11,0,15,0,0,1457
1949,296,1,0,0,0,1,0,0,1457
1950,296,1,0,0,0,1,0,0,1456
1951,297,1,0,0,0,1,0,0,1456
1952,297,1,0,0,0,1,0,0,1461
1953,297,1,0,1,0,2,0,0,1461
1954,297,1,1,1,0,3,0,0,1462
1955,297,1,1,2,0,4,0,0,1461
1956,297,1,0,4,0,5,0,0,1463
1957,297,1,0,5,0,6,0,0,1463
1958,297,1,0,6,0,7,0,0,1464
1959,297,1,0,7,0,8,0,0,1464
1960,297,1,6,2,0,9,0,0,1466
1961,297,1,6,3,0,10,0,0,1466
1962,297,1,8,2,0,11,0,0,1467
1963,297,1,9,2,0,12,0,0,1467
1964,297,1,7,5,0,13,0,0,1469
1965,297,1,0,13,0,14,0,0,1468
1966,297,1,0,14,0,15,0,0,1469
1967,297,1,7,8,0,16,0,0,1469
1968,297,1,7,9,0,17,0,0,1473
1969,297,1,7,10,0,18,0,0,1473
1970,297,1,0,18,0,19,0,0,1473
1971,297,1,2,17,0,20,0,0,1473
1972,297,1,5,15,0,21,0,0,1475
1973,298,1,0,0,0,1,0,0,1475
1974,298,1,0,0,0,1,0,0,1476
1975,298,1,1,0,0,2,0,0,1474
1976,298,1,1,1,0,3,0,0,1477
1977,298,1,1,2,0,4,0,0,1477
1978,298,1,1,3,0,5,0,0,1478
1979,299,1,0,0,0,1,0,0,1478
1980,299,1,0,0,0,1,0,0,1479
1981,299,1,0,1,0,2,0,0,1479
1982,299,1,0,2,0,3,0,0,1480
1983,299,1,0,3,0,4,0,0,1480
1984,299,1,0,4,0,5,0,0,1486
1985,299,1,0,5,0,6,0,0,1485
1986,299,1,0,6,0,7,0,0,1486
1987,300,1,0,0,0,1,0,0,1486
1988,300,1,0,0,0,1,0,0,1488
1989,300,1,0,1,0,2,0,0,1488
1990,300,1,1,1,0,3,0,0,1488
1991,300,1,1,2,0,4,0,0,1488
1992,300,1,0,4,0,5,0,0,1491
1993,301,1,0,0,0,1,0,0,1491
1994,301,1,0,0,0,1,0,0,1492
1995,301,1,0,1,0,2,0,0,1491
1996,301,1,0,2,0,3,0,0,1493
1997,302,1,0,0,0,1,0,0,1493
1998,302,1,0,0,0,1,0,0,1494
1999,303,1,0,0,0,1,0,0,1494
2000,303,1,0,0,0,1,0,0,1495
2001,303,1,1,0,0,2,0,0,1495
2002,303,1,1,1,0,3,0,0,1496
2003,304,1,0,0,0,1,0,0,1496
2004,304,1,0,0,0,1,0,0,1498
2005,304,1,0,1,0,2,0,0,1497
2006,304,1,0,2,0,3,0,0,1498
2007,304,1,2,1,0,4,0,0,1498
2008,304,1,0,4,0,5,0,0,1501
2009,304,1,2,3,0,6,0,0,1501
2010,304,1,4,2,0,7,0,0,1501
2011,305,1,0,0,0,1,0,0,1501
2012,305,1,0,0,0,1,0,0,1503
2013,305,1,0,1,0,2,0,0,1503
2014,305,1,0,2,0,3,0,0,1504
2015,305,1,0,3,0,4,0,0,1503
2016,305,1,0,4,0,5,0,0,1508
2017,306,1,0,0,0,1,0,0,1508
2018,306,1,0,0,0,1,0,0,1509
2019,306,1,0,1,0,2,0,0,1509
2020,306,1,0,2,0,3,0,0,1510
2021,306,1,0,3,0,4,0,0,1510
2022,306,1,0,4,0,5,0,0,1511
2023,306,1,0,5,0,6,0,0,1511
2024,306,1,0,6,0,7,0,0,1514
2025,306,1,4,3,0,8,0,0,1512
2026,306,1,1,7,0,9,0,0,1513
2027,307,1,0,0,0,1,0,0,1513
2028,307,1,0,0,0,1,0,0,1515
2029,308,1,0,0,0,1,0,0,1515
2030,308,1,0,0,0,1,0,0,1515
2031,308,1,0,1,0,2,0,0,1515
2032,308,1,0,2,0,3,0,0,1519
2033,308,1,0,3,0,4,0,0,1519
2034,308,1,1,3,0,5,0,0,1520
2035,308,1,2,3,0,6,0,0,1519
2036,308,1,0,6,0,7,0,0,1521
2037,308,1,0,7,0,8,0,0,1521
2038,308,1,0,8,0,9,0,0,1522
2039,309,1,0,0,0,1,0,0,1522
2040,309,1,0,0,0,1,0,0,1524
2041,309,1,0,1,0,2,0,0,1524
2042,309,1,0,2,0,3,0,0,1525
2043,309,1,2,1,0,4,0,0,1525
2044,309,1,0,4,0,5,0,0,1527
2045,309,1,0,5,0,6,0,0,1526
2046,309,1,0,6,0,7,0,0,1527
2047,309,1,0,7,0,8,0,0,1527
2048,309,1,0,8,0,9,0,0,1538
2049,309,1,0,9,0,10,0,0,1538
2050,309,1,5,5,0,11,0,0,1537
2051,309,1,5,6,0,12,0,0,1537
2052,309,1,2,10,0,13,0,0,1539
2053,310,1,0,0,0,1,0,0,1539
2054,310,1,0,0,0,1,0,0,1540
2055,310,1,0,1,0,2,0,0,1539
2056,310,1,0,2,0,3,0,0,1542
2057,310,1,0,3,0,4,0,0,1542
2058,310,1,2,2,0,5,0,0,1543
2059,310,1,2,3,0,6,0,0,1543
2060,310,1,5,1,0,7,0,0,1544
2061,310,1,5,2,0,8,0,0,1544
2062,310,1,6,2,0,9,0,0,1545
2063,311,1,0,0,0,1,0,0,1545
2064,311,1,0,0,0,1,0,0,1549
2065,311,1,0,1,0,2,0,0,1548
2066,311,1,0,2,0,3,0,0,1549
2067,311,1,0,3,0,4,0,0,1549
2068,311,1,0,4,0,5,0,0,1551
2069,312,1,0,0,0,1,0,0,1551
2070,312,1,0,0,0,1,0,0,1551
2071,312,1,1,0,0,2,0,0,1551
2072,312,1,0,2,0,3,0,0,1554
2073,312,1,0,3,0,4,0,0,1554
2074,312,1,0,4,0,5,0,0,1555
2075,312,1,3,2,0,6,0,0,1553
2076,312,1,2,4,0,7,0,0,1555
2077,312,1,2,5,0,8,0,0,1555
2078,312,1,2,6,0,9,0,0,1556
2079,312,1,5,4,0,10,0,0,1556
2080,312,1,0,9,0,11,1,0,1560
2081,313,1,0,0,0,1,0,0,1560
2082,313,1,0,0,0,1,0,0,1561
2083,314,1,0,0,0,1,0,0,1561
2084,314,1,0,0,0,1,0,0,1563
2085,314,1,0,1,0,2,0,0,1562
2086,314,1,0,2,0,3,0,0,1563
2087,315,1,0,0,0,1,0,0,1563
2088,315,1,0,0,0,1,0,0,1566
2089,316,1,0,0,0,1,0,0,1566
2090,316,1,0,0,0,1,0,0,1566
2091,316,1,0,1,0,2,0,0,1566
2092,316,1,0,2,0,3,0,0,1568
2093,316,1,0,3,0,4,0,0,1568
2094,316,1,0,4,0,5,0,0,1569
2095,316,1,0,5,0,6,0,0,1568
2096,316,1,0,6,0,7,0,0,1572
2097,316,1,0,7,0,8,0,0,1572
2098,316,1,1,7,0,9,0,0,1573
2099,317,1,0,0,0,1,0,0,1573
2100,317,1,0,0,0,1,0,0,1573
2101,317,1,1,0,0,2,0,0,1573
2102,317,1,1,1,0,3,0,0,1574
2103,317,1,0,3,0,4,0,0,1574
2104,317,1,0,4,0,5,0,0,1577
2105,317,1,1,4,0,6,0,0,1576
2106,317,1,2,4,0,7,0,0,1577
2107,317,1,6,1,0,8,0,0,1577
2108,317,1,6,2,0,9,0,0,1579
2109,317,1,6,3,0,10,0,0,1579
2110,317,1,3,7,0,11,0,0,1579
2111,318,1,0,0,0,1,0,0,1579
2112,318,1,0,0,0,1,0,0,1585
2113,319,1,0,0,0,1,0,0,1585
2114,319,1,0,0,0,1,0,0,1586
2115,319,1,1,0,0,2,0,0,1585
2116,319,1,0,2,0,3,0,0,1587
2117,319,1,0,3,0,4,0,0,1587
2118,319,1,0,4,0,5,0,0,1588
2119,319,1,0,5,0,6,0,0,1588
2120,319,1,0,6,0,7,0,0,1590
2121,319,1,0,7,0,8,0,0,1590
2122,319,1,0,8,0,9,0,0,1591
2123,319,1,0,9,0,10,0,0,1591
2124,319,1,0,10,0,11,0,0,1593
2125,319,1,5,6,0,12,0,0,1590
2126,319,1,5,7,0,13,0,0,1591
2127,319,1,1,12,0,14,0,0,1591
2128,319,1,4,10,0,15,0,0,1595
2129,320,1,0,0,0,1,0,0,1595
2130,320,1,0,0,0,1,0,0,1595
2131,321,1,0,0,0,1,0,0,1595
2132,321,1,0,0,0,1,0,0,1597
2133,321,1,1,0,0,2,0,0,1597
2134,321,1,1,1,0,3,0,0,1598
2135,321,1,1,2,0,4,0,0,1597
2136,321,1,0,4,0,5,0,0,1600
2137,322,1,0,0,0,1,0,0,1600
2138,322,1,0,0,0,1,0,0,1601
2139,322,1,0,1,0,2,0,0,1601
2140,322,1,0,2,0,3,0,0,1602
2141,323,1,0,0,0,1,0,0,1602
2142,323,1,0,0,0,1,0,0,1603
2143,324,1,0,0,0,1,0,0,1603
2144,324,1,0,0,0,1,0,0,1608
2145,324,1,0,1,0,2,0,0,1607
2146,324,1,0,2,0,3,0,0,1608
2147,324,1,0,3,0,4,0,0,1608
2148,324,1,0,4,0,5,0,0,1610
2149,324,1,0,5,0,6,0,0,1610
2150,324,1,5,1,0,7,0,0,1609
2151,324,1,2,5,0,8,0,0,1609
2152,324,1,0,8,0,9,0,0,1612
2153,325,1,0,0,0,1,0,0,1612
2154,325,1,0,0,0,1,0,0,1613
2155,325,1,0,1,0,2,0,0,1612
2156,325,1,1,1,0,3,0,0,1614
2157,325,1,2,1,0,4,0,0,1614
2158,325,1,2,2,0,5,0,0,1615
2159,325,1,2,3,0,6,0,0,1615
2160,325,1,1,5,0,7,0,0,1618
2161,326,1,0,0,0,1,0,0,1618
2162,326,1,0,0,0,1,0,0,1619
2163,326,1,0,1,0,2,0,0,1619
2164,326,1,0,2,0,3,0,0,1621
2165,326,1,0,3,0,4,0,0,1620
2166,326,1,0,4,0,5,0,0,1621
2167,326,1,0,5,0,6,0,0,1621
2168,326,1,0,6,0,7,0,0,1624
2169,326,1,0,7,0,8,0,0,1624
2170,326,1,1,7,0,9,0,0,1624
2171,326,1,1,8,0,10,0,0,1624
2172,326,1,0,10,0,11,0,0,1626
2173,326,1,0,11,0,12,0,0,1626
2174,326,1,0,12,0,13,0,0,1627
2175,326,1,3,10,0,14,0,0,1625
2176,326,1,9,5,0,15,0,0,1632
2177,326,1,9,6,0,16,0,0,1632
2178,326,1,12,4,0,17,0,0,1633
2179,327,1,0,0,0,1,0,0,1633
2180,327,1,0,0,0,1,0,0,1634
2181,327,1,0,1,0,2,0,0,1634
2182,327,1,0,2,0,3,0,0,1635
2183,327,1,0,3,0,4,0,0,1635
2184,327,1,0,4,0,5,0,0,1638
2185,327,1,0,5,0,6,0,0,1637
2186,327,1,0,6,0,7,0,0,1638
2187,327,1,7,0,0,8,0,0,1638
2188,327,1,7,1,0,9,0,0,1640
2189,327,1,7,2,0,10,0,0,1640
2190,327,1,7,3,0,11,0,0,1640
2191,327,1,7,4,0,12,0,0,1640
2192,327,1,1,11,0,13,0,0,1644
2193,327,1,3,10,0,14,0,0,1644
2194,327,1,1,13,0,15,0,0,1645
2195,327,1,1,14,0,16,0,0,1644
2196,327,1,1,15,0,17,0,0,1646
2197,327,1,10,7,0,18,0,0,1646
2198,327,1,11,7,0,19,0,0,1647
2199,327,1,11,8,0,20,0,0,1647
2200,327,1,20,0,0,21,0,0,1648
2201,327,1,20,1,0,22,0,0,1648
2202,327,1,19,3,0,23,0,0,1649
2203,328,1,0,0,0,1,0,0,1649
2204,328,1,0,0,0,1,0,0,1651
2205,328,1,1,0,0,2,0,0,1650
2206,328,1,2,0,0,3,0,0,1651
2207,329,1,0,0,0,1,0,0,1651
2208,329,1,0,0,0,1,0,0,1656
2209,329,0,0,0,1,1,0,0,1656
2210,329,0,0,0,1,1,0,0,1656
2211,329,1,0,3,0,4,0,0,1656
2212,329,1,0,4,0,5,0,0,1658
2213,330,1,0,0,0,1,0,0,1658
2214,330,1,0,0,0,1,0,0,1659
2215,330,1,1,0,0,2,0,0,1658
2216,330,1,0,2,0,3,0,0,1661
2217,330,1,0,3,0,4,0,0,1661
2218,330,1,0,4,0,5,0,0,1662
2219,330,1,0,5,0,6,0,0,1662
2220,330,1,0,6,0,7,0,0,1663
2221,331,1,0,0,0,1,0,0,1663
2222,331,1,0,0,0,1,0,0,1664
2223,331,1,1,0,0,2,0,0,1664
2224,331,1,0,2,0,3,0,0,1668
2225,331,1,0,3,0,4,0,0,1666
2226,331,1,2,2,0,5,0,0,1667
2227,331,1,2,3,0,6,0,0,1667
2228,331,1,2,4,0,7,0,0,1669
2229,331,1,0,7,0,8,0,0,1669
2230,331,1,2,6,0,9,0,0,1669
2231,331,1,2,7,0,10,0,0,1669
2232,331,1,0,10,0,11,0,0,1672
2233,331,1,1,10,0,12,0,0,1672
2234,331,1,1,11,0,13,0,0,1673
2235,331,1,0,13,0,14,0,0,1672
2236,331,1,1,13,0,15,0,0,1674
2237,332,1,0,0,0,1,0,0,1674
2238,332,1,0,0,0,1,0,0,1675
2239,333,1,0,0,0,1,0,0,1675
2240,333,1,0,0,0,1,0,0,1680
2241,333,1,0,1,0,2,0,0,1680
2242,333,1,1,1,0,3,0,0,1681
2243,334,1,0,0,0,1,0,0,1681
2244,334,1,0,0,0,1,0,0,1683
2245,334,1,0,1,0,2,0,0,1682
2246,334,1,0,2,0,3,0,0,1683
2247,334,1,0,3,0,4,0,0,1683
2248,334,1,0,4,0,5,0,0,1686
2249,334,1,0,5,0,6,0,0,1686
2250,334,1,3,3,0,7,0,0,1684
2251,335,1,0,0,0,1,0,0,1684
2252,335,1,0,0,0,1,0,0,1686
2253,335,1,0,1,0,2,0,0,1686
2254,335,1,0,2,0,3,0,0,1687
2255,335,1,2,1,0,4,0,0,1686
2256,335,1,3,1,0,5,0,0,1690
2257,335,1,3,2,0,6,0,0,1690
2258,335,1,3,3,0,7,0,0,1691
2259,335,1,5,2,0,8,0,0,1691
2260,335,1,0,8,0,9,0,0,1692
2261,335,1,3,6,0,10,0,0,1692
2262,335,1,3,7,0,11,0,0,1693
2263,335,1,3,8,0,12,0,0,1693
2264,335,1,3,9,0,13,0,0,1696
2265,335,1,0,13,0,14,0,0,1695
2266,335,1,1,13,0,15,0,0,1696
2267,336,1,0,0,0,1,0,0,1696
2268,336,1,0,0,0,1,0,0,1698
2269,337,1,0,0,0,1,0,0,1698
2270,337,1,0,0,0,1,0,0,1698
2271,337,1,0,1,0,2,0,0,1698
2272,337,1,0,2,0,3,0,0,1703
2273,338,1,0,0,0,1,0,0,1703
2274,338,1,0,0,0,1,0,0,1704
2275,338,1,1,0,0,2,0,0,1702
2276,338,1,1,1,0,3,0,0,1704
2277,338,1,0,3,0,4,0,0,1704
2278,338,1,1,3,0,5,0,0,1705
2279,338,1,1,4,0,6,0,0,1705
2280,338,1,0,6,0,7,0,0,1707
2281,339,1,0,0,0,1,0,0,1707
2282,339,1,0,0,0,1,0,0,1708
2283,339,1,0,1,0,2,0,0,1708
2284,339,1,0,2,0,3,0,0,1710
2285,339,1,0,3,0,4,0,0,1709
2286,339,1,1,3,0,5,0,0,1710
2287,340,1,0,0,0,1,0,0,1710
2288,340,1,0,0,0,1,0,0,1714
2289,340,1,0,1,0,2,0,0,1714
2290,340,1,0,2,0,3,0,0,1714
2291,340,1,0,3,0,4,0,0,1714
2292,340,1,0,4,0,5,0,0,1716
2293,341,1,0,0,0,1,0,0,1716
2294,341,1,0,0,0,1,0,0,1717
2295,341,1,1,0,0,2,0,0,1716
2296,341,1,0,2,0,3,0,0,1719
2297,342,1,0,0,0,1,0,0,1719
2298,342,1,0,0,0,1,0,0,1720
2299,342,1,0,1,0,2,0,0,1720
2300,342,1,1,1,0,3,0,0,1720
2301,342,1,2,1,0,4,0,0,1720
2302,342,1,2,2,0,5,0,0,1721
2303,342,1,2,3,0,6,0,0,1721
2304,342,1,0,6,0,7,0,0,1729
2305,342,1,3,4,0,8,0,0,1728
2306,342,1,3,5,0,9,0,0,1729
2307,342,1,3,6,0,10,0,0,1729
2308,342,1,3,7,0,11,0,0,1731
2309,343,1,0,0,0,1,0,0,1731
2310,343,1,0,0,0,1,0,0,1731
2311,344,1,0,0,0,1,0,0,1731
2312,344,1,0,0,0,1,0,0,1734
2313,344,1,0,1,0,2,0,0,1734
2314,344,1,1,1,0,3,0,0,1735
2315,344,1,1,2,0,4,0,0,1734
2316,344,1,0,4,0,5,0,0,1736
2317,344,1,0,5,0,6,0,0,1736
2318,344,1,0,6,0,7,0,0,1737
2319,344,1,0,7,0,8,0,0,1737
2320,344,1,0,8,0,9,0,0,1740
2321,344,1,1,8,0,10,0,0,1740
2322,344,1,2,8,0,11,0,0,1741
2323,344,1,3,8,0,12,0,0,1741
2324,344,1,3,9,0,13,0,0,1743
2325,344,1,5,8,0,14,0,0,1741
2326,344,1,4,10,0,15,0,0,1742
2327,344,1,6,9,0,16,0,0,1742
2328,344,1,3,13,0,17,0,0,1745
2329,344,1,3,14,0,18,0,0,1745
2330,344,1,6,12,0,19,0,0,1745
2331,344,1,5,14,0,20,0,0,1745
2332,344,1,1,19,0,21,0,0,1747
2333,345,1,0,0,0,1,0,0,1747
2334,345,1,0,0,0,1,0,0,1748
2335,345,1,0,1,0,2,0,0,1747
2336,345,1,0,2,0,3,0,0,1752
2337,345,1,0,3,0,4,0,0,1752
2338,345,1,0,4,0,5,0,0,1753
2339,346,1,0,0,0,1,0,0,1753
2340,346,1,0,0,0,1,0,0,1754
2341,347,1,0,0,0,1,0,0,1754
2342,347,1,0,0,0,1,0,0,1755
2343,347,1,0,1,0,2,0,0,1755
2344,347,1,0,2,0,3,0,0,1758
2345,347,1,0,3,0,4,0,0,1757
2346,347,1,0,4,0,5,0,0,1758
2347,348,1,0,0,0,1,0,0,1758
2348,348,1,0,0,0,1,0,0,1760
2349,348,1,1,0,0,2,0,0,1760
2350,348,1,2,0,0,3,0,0,1759
2351,349,1,0,0,0,1,0,0,1759
2352,349,1,0,0,0,1,0,0,1763
2353,349,1,0,1,0,2,0,0,1763
2354,349,1,0,2,0,3,0,0,1764
2355,349,1,1,2,0,4,0,0,1763
2356,349,1,1,3,0,5,0,0,1765
2357,350,1,0,0,0,1,0,0,1765
2358,350,1,0,0,0,1,0,0,1766
2359,350,1,1,0,0,2,0,0,1766
2360,350,1,0,2,0,3,0,0,1768
2361,350,1,0,3,0,4,0,0,1768
2362,350,1,0,4,0,5,0,0,1769
2363,350,1,0,5,0,6,0,0,1769
2364,350,1,0,6,0,7,0,0,1771
2365,350,1,0,7,0,8,0,0,1770
2366,350,1,7,1,0,9,0,0,1771
2367,350,1,9,0,0,10,0,0,1771
2368,350,1,8,2,0,11,0,0,1777
2369,350,1,8,3,0,12,0,0,1777
2370,350,1,8,4,0,13,0,0,1777
2371,351,1,0,0,0,1,0,0,1777
2372,351,1,0,0,0,1,0,0,1779
2373,351,1,0,1,0,2,0,0,1779
2374,351,1,0,2,0,3,0,0,1780
2375,351,1,2,1,0,4,0,0,1777
2376,351,1,0,4,0,5,0,0,1780
2377,352,1,0,0,0,1,0,0,1780
2378,352,1,0,0,0,1,0,0,1781
2379,352,1,0,1,0,2,0,0,1781
2380,352,1,0,2,0,3,0,0,1782
2381,353,1,0,0,0,1,0,0,1782
2382,353,1,0,0,0,1,0,0,1783
2383,354,1,0,0,0,1,0,0,1783
2384,354,1,0,0,0,1,0,0,1787
2385,354,1,0,1,0,2,0,0,1786
2386,354,1,1,1,0,3,0,0,1787
2387,354,1,1,2,0,4,0,0,1787
2388,354,1,0,4,0,5,0,0,1789
2389,355,1,0,0,0,1,0,0,1789
2390,355,1,0,0,0,1,0,0,1789
2391,355,1,0,1,0,2,0,0,1789
2392,355,1,0,2,0,3,0,0,1792
2393,356,1,0,0,0,1,0,0,1792
2394,356,1,0,0,0,1,0,0,1793
2395,356,1,1,0,0,2,0,0,1792
2396,356,1,0,2,0,3,0,0,1794
2397,356,1,0,3,0,4,0,0,1794
2398,356,1,0,4,0,5,0,0,1795
2399,357,1,0,0,0,1,0,0,1795
2400,357,1,0,0,0,1,0,0,1798
2401,357,0,0,0,1,1,0,0,1798
2402,357,1,1,1,0,3,0,0,1799
2403,357,1,3,0,0,4,0,0,1799
2404,357,1,2,2,0,5,0,0,1801
2405,357,1,3,2,0,6,0,0,1800
2406,357,1,3,3,0,7,0,0,1801
2407,357,1,3,4,0,8,0,0,1801
2408,357,1,2,6,0,9,0,0,1804
2409,357,1,2,7,0,10,0,0,1804
2410,357,1,2,8,0,11,0,0,1804
2411,358,1,0,0,0,1,0,0,1804
2412,358,1,0,0,0,1,0,0,1806
2413,358,1,0,1,0,2,0,0,1806
2414,358,1,0,2,0,3,0,0,1807
2415,358,1,0,3,0,4,0,0,1806
2416,358,1,0,4,0,5,0,0,1810
2417,359,1,0,0,0,1,0,0,1810
2418,359,1,0,0,0,1,0,0,1811
2419,359,1,0,1,0,2,0,0,1811
2420,359,1,0,2,0,3,0,0,1812
2421,359,1,0,3,0,4,0,0,1812
2422,359,1,4,0,0,5,0,0,1813
2423,360,1,0,0,0,1,0,0,1813
2424,360,1,0,0,0,1,0,0,1816
2425,360,1,1,0,0,2,0,0,1814
2426,360,1,1,1,0,3,0,0,1815
2427,360,1,1,2,0,4,0,0,1815
2428,360,1,1,3,0,5,0,0,1817
2429,360,1,1,4,0,6,0,0,1817
2430,360,1,5,1,0,7,0,0,1817
2431,360,1,6,1,0,8,0,0,1817
2432,360,1,0,8,0,9,0,0,1824
2433,360,1,0,9,0,10,0,0,1824
2434,360,1,0,10,0,11,0,0,1825
2435,360,1,0,11,0,12,0,0,1824
2436,360,1,0,12,0,13,0,0,1826
2437,361,1,0,0,0,1,0,0,1826
2438,361,1,0,0,0,1,0,0,1827
2439,361,1,1,0,0,2,0,0,1827
2440,361,1,0,2,0,3,0,0,1829
2441,362,1,0,0,0,1,0,0,1829
2442,362,1,0,0,0,1,0,0,1830
2443,362,1,0,1,0,2,0,0,1830
2444,362,1,0,2,0,3,0,0,1832
2445,362,1,0,3,0,4,0,0,1831
2446,362,1,0,4,0,5,0,0,1832
2447,363,1,0,0,0,1,0,0,1832
2448,363,1,0,0,0,1,0,0,1836
2449,363,1,0,1,0,2,0,0,1836
2450,363,1,0,2,0,3,0,0,1835
2451,363,1,2,1,0,4,0,0,1835
2452,363,1,2,2,0,5,0,0,1837
2453,363,1,2,3,0,6,0,0,1837
2454,363,1,0,6,0,7,0,0,1838
2455,363,1,2,5,0,8,0,0,1837
2456,363,1,2,6,0,9,0,0,1840
2457,363,1,0,9,0,10,0,0,1840
2458,363,1,1,9,0,11,0,0,1841
2459,364,1,0,0,0,1,0,0,1841
2460,364,1,0,0,0,1,0,0,1842
2461,364,1,0,1,0,2,0,0,1842
2462,364,1,0,2,0,3,0,0,1843
2463,364,1,0,3,0,4,0,0,1843
2464,364,1,0,4,0,5,0,0,1848
2465,364,1,0,5,0,6,0,0,1847
2466,364,1,1,5,0,7,0,0,1848
2467,365,1,0,0,0,1,0,0,1848
2468,365,1,0,0,0,1,0,0,1850
2469,365,1,0,1,0,2,0,0,1850
2470,365,1,0,2,0,3,0,0,1850
2471,365,1,0,3,0,4,0,0,1850
2472,365,1,0,4,0,5,0,0,1853
2473,366,1,0,0,0,1,0,0,1853
2474,366,1,0,0,0,1,0,0,1854
2475,366,1,1,0,0,2,0,0,1852
2476,366,1,0,2,0,3,0,0,1854
2477,367,1,0,0,0,1,0,0,1854
2478,367,1,0,0,0,1,0,0,1855
2479,367,1,0,1,0,2,0,0,1855
2480,367,1,0,2,0,3,0,0,1858
2481,367,1,0,3,0,4,0,0,1858
2482,367,1,0,4,0,5,0,0,1859
2483,367,1,0,5,0,6,0,0,1859
2484,367,1,2,4,0,7,0,0,1861
2485,367,1,3,4,0,8,0,0,1860
2486,367,1,0,8,0,9,0,0,1861
2487,367,1,3,6,0,10,0,0,1861
2488,367,1,0,10,0,11,0,0,1864
2489,367,1,0,11,0,12,0,0,1864
2490,367,1,0,12,0,13,0,0,1864
2491,367,1,0,13,0,14,0,0,1864
2492,367,1,0,14,0,15,0,0,1866
2493,367,1,0,15,0,16,0,0,1866
2494,367,1,1,15,0,17,0,0,1867
2495,367,1,1,16,0,18,0,0,1866
2496,367,1,6,12,0,19,0,0,1872
2497,367,1,1,18,0,20,0,0,1872
2498,367,1,1,19,0,21,0,0,1873
2499,367,1,16,5,0,22,0,0,1873
2500,367,1,13,9,0,23,0,0,1871
